row,id,name,status,reason
1,134750203,Áo Sơ Mi Trắng Form Rộng Unisex Nam Nữ Tay Dài Hàn Quốc Kiểu Cổ Bẻ Vải Lụa Nhiều Màu - SMD01,SUCCESS,Import thành công
2,134757633,Áo Sơ Mi Form Rộng GIẤU NÚT Tay Dài Hàn Quốc Áo Unisex Nam Nữ Vải Lụa Mềm Mịn Thoáng Mát Ít Nhăn - SMD02,SUCCESS,Import thành công
3,111477677,"Áo Sơ Mi Nam Ngắn Tay Kiểu Dáng Cơ Trưởng U886 Thời Trang Hàn Quốc Chất Cotton Pha Lụa Mềm Mại, Thoáng Mát, Chống Nhăn, Trẻ Trung, Năng Động- HÀNG CHÍNH HÃNG",SUCCESS,Import thành công
4,134702556,Áo Sơ Mi Form Rộng Unisex Nam Nữ Tay Dài Hàn Quốc Kiểu Cổ Vest Cổ Ve Áo Khoác Ngoài Vải Lụa Mềm Mịn - SMV01,SUCCESS,Import thành công
5,196033255,Áo sơ mi nam form rộng tay dài kiểu trẻ trung hàn quốc chất lụa mềm mịn mát ít nhăn- MRD04,SUCCESS,Import thành công
6,112099693,"Áo Sơ Mi Dài Tay Lính Mỹ U458 US ARMY, Chất Liệu Vải Kaki Cao Cấp Thiết Kế Túi Hộp Phong Cách Loại Xịn- HÀNG CHÍNH HÃNG",SUCCESS,Import thành công
7,181566777,Áo sơ mi nam sọc tay ngắn dáng ôm body chuẩn form nhiều màu sắc - MON01,SUCCESS,Import thành công
8,134656633,Áo sơ mi form rộng tay ngắn tay lỡ unisex nam nữ cá tính form Hàn Quốc vải lụa - SMN02,SUCCESS,Import thành công
9,135075286,Áo Sơ Mi Tay Ngắn Nam Nữ Form Rộng Sơ Mi Cổ Vest UNISEX Hàn Quốc Vải Lụa Giãn Mềm Mịn Mát - SMV02,SUCCESS,Import thành công
10,135057302,Áo Sơ Mi Rộng Tay Ngắn OVERSIZE Giấu Nút Form Rộng UNISEX Nam Nữ Vải Lụa Mềm Mát Ít Nhăn - SMN01,SUCCESS,Import thành công
11,168994241,Áo sơ mi nam Novelty ngắn tay trơn màu 171140N vạt ngang,SUCCESS,Import thành công
12,181136946,Áo sơ mi nam Slim fit ngắn tay xanh cổ vịt 171424N,SUCCESS,Import thành công
13,177275239,Áo sơ mi form rộng nam nữ tay dài unisex phong cách hàn quốc trẻ trung vải lụa mềm mịn mát - MRD02,SUCCESS,Import thành công
14,190129715,Áo sơ mi nam cổ tàu cổ trụ form rộng tay dài trẻ trung thanh lịch vải lụa mềm mịn mát ít nhăn- MRDT01,SUCCESS,Import thành công
15,189648166,Áo sơ mi nam ngắn tay trắng Regular fit NSMMMWMSPR210261N,SUCCESS,Import thành công
16,191474727,Áo sơ mi măng sét trắng Anlimen Cuff Shirt - AGS02,SUCCESS,Import thành công
17,177274778,Áo sơ mi rộng tay dài nam nữ unisex phong cách trẻ trung hàn quốc vải lụa mềm mịn mát ít nhăn -MRD01,SUCCESS,Import thành công
18,197675716,Áo sơ mi nam dài tay màu đen dáng suông May 10 mã 010122912L2,SUCCESS,Import thành công
19,71949394,Áo sơ mi nam họa tiết đi biển NOVELTY 200116N,SUCCESS,Import thành công
20,178316423,Áo sơ mi form rộng tay ngắn nam nữ unisex phong cách hàn quốc trẻ trung vải lụa mềm mát-MNR01,SUCCESS,Import thành công
21,34592981,Áo Sơ Mi Sọc Hana,SUCCESS,Import thành công
22,146635373,"Áo sơ mi nữ form rộng kiểu tay lỡ cổ tròn NeSa Shop, chất liệu Đũi tơ thấm hút mồ hôi, áo sơ mi nữ nhiều màu, SMH.34",SUCCESS,Import thành công
23,46060134,Áo Sơ Mi Nữ Công Sở Tay Dài Dễ Thương SM015 MayHomes,SUCCESS,Import thành công
24,18005285,Áo Sơ MI Nữ Tay Dài Cổ Kiểu Nút Ngọc - Mã SSL1222,SUCCESS,Import thành công
25,37975688,Áo Sơ Mi Nữ Form Dài Che Quần Cá Tính SM013 MayHomes,SUCCESS,Import thành công
26,14837830,Áo Sơ Mi Sọc Janet,SUCCESS,Import thành công
27,15778666,Áo Sơ Mi Nữ Viền,SUCCESS,Import thành công
28,42560688,Áo sơ mi sọc thắt cavat,SUCCESS,Import thành công
29,40885424,ÁO SƠ MI CỔ SEN 3 NÚT,SUCCESS,Import thành công
30,90642209,Áo nữ xinh xắn thiết kế cổ V phối ren sm185,SUCCESS,Import thành công
31,160264804,"Áo đũi nữ Haint Boutique, Áo sơ mi nữ cổ V xinh phong cách vintage Sm99",SUCCESS,Import thành công
32,276329236,"Áo sơ mi nữ form rộng sát nách, chất liệu mềm mát, áo kiểu nữ, form trẻ trung, năng động NeSa Shop SMT03",SUCCESS,Import thành công
33,121412391,Áo sơ mi nữ cổ V kẻ sọc SM51,SUCCESS,Import thành công
34,21264406,Áo Sơ Mi Form Dài Thời Trang A518,SUCCESS,Import thành công
35,29941760,áo Sơ mi nữ cộc tay cao cấp,SUCCESS,Import thành công
36,179237389,Áo sơ mi nữ tay dài công sở form rộng phong cách đẹp sang trọng trẻ trung vải lụa mềm mịn-MNV01,SUCCESS,Import thành công
37,187315703,Áo sơ mi nữ tay dài form rộng trơn trẻ trung nặng động vải lụa mềm mịn-MUD03,SUCCESS,Import thành công
38,187278904,Áo sơ mi nữ form rộng tay dài phồng hot trend hàn quốc trẻ trung thanh lịch vải lụa mềm mịn-MUD02,SUCCESS,Import thành công
39,189527267,Áo sơ mi nữ tay dài form rộng phong cách trẻ trung hàn quốc vải lụa mềm mịn mát -MURD04,SUCCESS,Import thành công
40,24882095,Sơ mi nữ kẻ caro dáng dài Ab05,SUCCESS,Import thành công
41,87981660,"Combo 2 áo ba lỗ nam, áo 3 lỗ nam, sợi cotton mềm mịn, thấm hút mồ hôi tốt, thoáng mát, mặc thoải mái JAMANO",SUCCESS,Import thành công
42,42899542,"Áo ba lỗ nam/ 3 lỗ nam cao cấp, sợi cotton mềm mịn siêu thoáng mát, thấm hút mồ hôi cực tốt, co dãn 4 chiều MRM FASHION",SUCCESS,Import thành công
43,42899542,"Áo ba lỗ nam/ 3 lỗ nam cao cấp, sợi cotton mềm mịn siêu thoáng mát, thấm hút mồ hôi cực tốt, co dãn 4 chiều MRM FASHION",SKIP,id đã tồn tại
44,42899542,"Áo ba lỗ nam/ 3 lỗ nam cao cấp, sợi cotton mềm mịn siêu thoáng mát, thấm hút mồ hôi cực tốt, co dãn 4 chiều MRM FASHION",SKIP,id đã tồn tại
45,103076103,"áo ba lỗ nam, áo 3 lỗ nam sợi cotton Organic mềm mịn siêu thoáng mát thấm hút mồ hôi JAMANO",SUCCESS,Import thành công
46,176250783,Áo thun nam Cotton Compact Premium trẻ trung năng động thấm hút mồ hôi co giãn 4 chiều MRM Manlywear,SUCCESS,Import thành công
47,43333663,"Combo 2 áo ba lỗ nam/áo 3 lỗ nam, sợi cotton mềm mịn siêu thoáng mát, thấm hút mồ hôi cực tốt, co giãn 4 chiều MRM FASHION -MM",SUCCESS,Import thành công
48,43333663,"Combo 2 áo ba lỗ nam/áo 3 lỗ nam, sợi cotton mềm mịn siêu thoáng mát, thấm hút mồ hôi cực tốt, co giãn 4 chiều MRM FASHION -MM",SKIP,id đã tồn tại
49,43333663,"Combo 2 áo ba lỗ nam/áo 3 lỗ nam, sợi cotton mềm mịn siêu thoáng mát, thấm hút mồ hôi cực tốt, co giãn 4 chiều MRM FASHION -MM",SKIP,id đã tồn tại
50,68202834,"Combo 2 áo ba lỗ nam, áo sát nách nam,sợi cotton cao cấp mềm mịn, thấm hút mồ hôi, siều thoáng mát, co giãn 4 chiều Mrm Manlywear - MM",SUCCESS,Import thành công
51,68202834,"Combo 2 áo ba lỗ nam, áo sát nách nam,sợi cotton cao cấp mềm mịn, thấm hút mồ hôi, siều thoáng mát, co giãn 4 chiều Mrm Manlywear - MM",SKIP,id đã tồn tại
52,68202834,"Combo 2 áo ba lỗ nam, áo sát nách nam,sợi cotton cao cấp mềm mịn, thấm hút mồ hôi, siều thoáng mát, co giãn 4 chiều Mrm Manlywear - MM",SKIP,id đã tồn tại
53,176251118,"Combo 2 Áo thun nam Cotton Compact Premium trẻ trung thấm hút mồ hôi, co giãn 4 chiều MRM Manlywear",SUCCESS,Import thành công
54,68200548,"Áo ba lỗ nam, áo sát nách nam,sợi cotton cao cấp mềm mịn, thấm hút mồ hôi, siều thoáng mát, co giãn 4 chiều Mrm Manlywear",SUCCESS,Import thành công
55,68200548,"Áo ba lỗ nam, áo sát nách nam,sợi cotton cao cấp mềm mịn, thấm hút mồ hôi, siều thoáng mát, co giãn 4 chiều Mrm Manlywear",SKIP,id đã tồn tại
56,68200548,"Áo ba lỗ nam, áo sát nách nam,sợi cotton cao cấp mềm mịn, thấm hút mồ hôi, siều thoáng mát, co giãn 4 chiều Mrm Manlywear",SKIP,id đã tồn tại
57,193492866,Áo thun thể thao nam MRM Active Pro thấm hút mồ hôi tốt co dãn thoải mái vận động,SUCCESS,Import thành công
58,193504415,Combo 2 Áo thun thể thao nam MRM Active Pro thấm hút mồ hôi tốt co dãn thoải mái vận động,SUCCESS,Import thành công
59,110938120,"Áo Phông Nam Lính Mỹ (2 Màu), Chất Liệu Mềm Mại, Thoáng Mát, Chống Nhăn, Phom Dáng Xuông Trẻ Trung, Năng Động (U289)-HÀNG CHÍNH HÃNG",SUCCESS,Import thành công
60,251773296,"Áo thun Polo Nam Coolmax - Premium nam tính, thanh lịch sang trọng MRM Manlywear",SUCCESS,Import thành công
61,43842296,Áo khoác nữ slim 4 túi dây kéo 4044,SUCCESS,Import thành công
62,5981171,Áo khoác nữ slim 4 túi dây kéo 4044_Den,SUCCESS,Import thành công
63,194959961,"Áo Hai Dây Cổ Tim Mặc Trong Vest blazer kiểu nữ freesize (40-65kg) Vải Lụa Satin Mịn ,Thoáng Mát New  Design AO0003",SUCCESS,Import thành công
64,84709814,Áo Thun Nữ Aaa Jeans Cao Cấp Organic Cotton,SUCCESS,Import thành công
65,198735289,"Áo 2 Dây Nữ New  Design Đính Ngọc Trai Mẫu Mới, Lụa Satin Mịn Mát, Phong Cách Vintage Trẻ Trung, Áo Có Nhiều Màu Và Đủ Size AO0004",SUCCESS,Import thành công
66,16155074,Áo Len Nữ Áo Kiểu Nữ Hai Dây Cổ Gợn Sóng Dễ Thương ALN026 MayHomes,SUCCESS,Import thành công
67,225172057,"Áo hai dây lụa cổ vuông mặc trong vest, blazer Áo lụa 2 dây có size - New Design AO0010",SUCCESS,Import thành công
68,174379620,Áo Thun Cá Sấu Nữ Có Cổ -Hồng Phấn (45-75kg),SUCCESS,Import thành công
69,174379594,Áo Thun Cá Sấu Nữ Có Cổ - Cánh sen (45-75kg),SUCCESS,Import thành công
70,48384550,Áo nữ thun co giãn cổ tim,SUCCESS,Import thành công
71,273369075,"Áo Thun Nữ Cao Cấp Premium Cotton Sure Fashion, Mềm mại, Thoả mái, Thoáng khí, Nhẹ tênh, Kháng khuẩn, An toàn cho làn da, Bạn sẽ cảm nhận rất rõ ràng khi mặc sản phẩm Organic 100% cotton này",SUCCESS,Import thành công
72,275381218,"Áo 2 dây nữ lụa satin cao cấp mặc trong áo blazer, chất vải mịn, mát - AO0037",SUCCESS,Import thành công
73,174379567,Áo Thun Cá Sấu Nữ Có Cổ -Màu Xanh Ngọc .(45-75kg),SUCCESS,Import thành công
74,251461830,"Áo kiểu nữ, Áo sát nách cổ yếm sang chảnh chất Lụa latin cao cấp thoáng mát New Design AO0012",SUCCESS,Import thành công
75,277880869,Áo Thun Unisex - Oversize Chất 100% Cotton 2 chiều Dày 250gsm | Nam Nữ Mặc Siêu Đẹp,SUCCESS,Import thành công
76,277880869,Áo Thun Unisex - Oversize Chất 100% Cotton 2 chiều Dày 250gsm | Nam Nữ Mặc Siêu Đẹp,SKIP,id đã tồn tại
77,277880869,Áo Thun Unisex - Oversize Chất 100% Cotton 2 chiều Dày 250gsm | Nam Nữ Mặc Siêu Đẹp,SKIP,id đã tồn tại
78,117888812,Áo Thun Cá Sấu Nữ Có Cổ,SUCCESS,Import thành công
79,105104463,"Áo thun nữ vải cá sấu co giãn 4 chiều, kiểu may cao cấp cổ bẻ, tay bo, có xẻ lai - Màu đen",SUCCESS,Import thành công
80,186105036,"Áo 2 Dây New Design Thiết Kế Cổ V Gợi Cảm, Kiểu Áo Nữ Hiện Đại , Vải Lụa Hàn Quốc Trơn, Nhiều Màu, Mịn ,Thoáng Mát  AO0002",SUCCESS,Import thành công
81,14837844,Đầm Elizabet Sang Chảnh,SUCCESS,Import thành công
82,42559444,Đầm Hoa Tay Lỡ Xinh Xắn DN064 MayHomes,SUCCESS,Import thành công
83,42559483,"Đầm Ren Tay Ngắn Kiểu Dáng Dễ Thương DN020 MayHomes, Kiểu Dáng Xinh, Gợi Cảm, Vải Bền Đẹp, Đường May Khéo Léo",SUCCESS,Import thành công
84,201160788,"Đầm Ren Tay Ngắn Cổ Gợn Sóng DN089 MayHomes Kiểu Dáng Xinh, Gợi Cảm, Vải Bền Đẹp, Đường May Khéo Léo",SUCCESS,Import thành công
85,52244246,ĐẦM MAXY HOA NHÍ HOT TREND,SUCCESS,Import thành công
86,201160879,Đầm Xinh Hoa Nhí Hai Dây Dễ Thương DN088 MayHomes Váy Hoa Nhỏ Xinh Duyên Dáng,SUCCESS,Import thành công
87,52670135,"Váy maxi xòe voan đẹp trơn màu, đầm đi biển có bèo xinh xắn, dễ mặc, có size lớn | MX017",SUCCESS,Import thành công
88,42190578,Đầm dạ hội xéo vai,SUCCESS,Import thành công
89,14837927,Váy Yếm Xinh Xắn,SUCCESS,Import thành công
90,47262003,Đầm Hoa Cổ V Tay Ngắn Dễ Thương DN069 MayHomes,SUCCESS,Import thành công
91,61416569,"Đầm Ngắn Hoa Cúc Nhí Xinh, Váy Hoa Xinh Mẫu Mới DN086 MayHomes, Thời Trang Dễ Thương",SUCCESS,Import thành công
92,146635392,"Áo sơ mi váy dáng dài, chất liệu đũi mềm mịn, áo váy nữ, form dài rộng kiểu Hàn Quốc, NeSa Shop AKH.35",SUCCESS,Import thành công
93,136019920,ĐẦM VINTAGE TAY PHỒNG MYMY,SUCCESS,Import thành công
94,105673810,"Đầm xoè nữ kẻ sọc, đầm vải thun co giãn 4 chiều D83",SUCCESS,Import thành công
95,185919189,"Váy sơ mi dáng dài đi biển, đầm nữ đi chơi dạo phố đẹp sang chảnh chất đũi mềm mát Da161",SUCCESS,Import thành công
96,107540897,ĐẦM ELIZABET MẪU MỚI SANG CHẢNH CÓ HAI MÀU,SUCCESS,Import thành công
97,57318339,Đầm Dạ Hội Trọng MS 122,SUCCESS,Import thành công
98,194063281,"Đầm suông nữ Haint Boutique, đầm cổ tàu chất đũi mát, thời trang trẻ cho phái nữ Da80",SUCCESS,Import thành công
99,56307223,"Đầm maxi xẻ tà dàng dài, họa tiết hoa nhí màu đẹp, chất voan tơ cao cấp, váy 2 kiểu mặc: 2 dây và vai trần | MX056",SUCCESS,Import thành công
100,106043930,Đầm Lụa 2 Dây Sexy Lady Nature Miley Lingerie DSS0111,SUCCESS,Import thành công
101,4382605,Quần Dài Jogger Nam Phối Sọc 1041,SUCCESS,Import thành công
102,42424755,Quần Jogger Nam Thể Thao - Quần Nỉ Nam QD1 Lót Lông Cao Cấp Chính Hãng,SUCCESS,Import thành công
103,111972654,Quần Túi Hộp Tháo Ống US ARMY U880 Chuyên Phượt Chất Vải Gió Cao Cấp Mau Khô Ống Có Thể Tháo Rời Làm Quần Short -HÀNG CHÍNH HÃNG,SUCCESS,Import thành công
104,111560211,Quần Túi Hộp Nam Kaki Thời Trang Phong Cách Thể Thao US678 Chất Vải Kaki Cao Cấp Phong Cách Lính- HÀNG CHÍNH HÃNG,SUCCESS,Import thành công
105,193981069,Quần Jean nam Leman đen mài xám JD14 - Slim Form,SUCCESS,Import thành công
106,193978418,Quần Jean nam Leman xám khói trơn JD13 - Slim Form,SUCCESS,Import thành công
107,112086654,"Quần Túi Hộp Nam Lính Mỹ US ARMY U768 Cao Cấp, Chất Liệu Vải Kaki,Bền Màu, Ống Rộng Phong Cách, Thiết kế Túi Hộp- HÀNG CHÍNH HÃNG",SUCCESS,Import thành công
108,110477285,Quần tây nam Novelty 0Ply 1804530 màu xám nhạt,SUCCESS,Import thành công
109,193987820,Quần Jean nam Leman xanh mài xước trơn JD15 - Slim Form Tôn Dáng,SUCCESS,Import thành công
110,174001966,Quần Jean nam Leman xanh trơn JD03 - Slim Form,SUCCESS,Import thành công
111,102531428,Quần âu nam Hiền Trần BOUTIQUE công sở chất vải chéo 79 cao cấp,SUCCESS,Import thành công
112,276897852,"Quần dài nam ống suông, cạp có dây rút khuy cài, lịch lãm, sang trọng, phong cách Hàn Quốc qd11",SUCCESS,Import thành công
113,262051471,"Quần dài tập gym nam DO GYM SHOP logo thêu, thun co giãn 4 chiều thoáng mát",SUCCESS,Import thành công
114,173998725,Quần Jean nam Leman xanh rách JD06 - Slim Form,SUCCESS,Import thành công
115,180853362,"(LOẠI TỐT) Đèn led trợ sáng xe máy 2 màu cốt pha B.M.A bi cầu bản đặc biệt 4 chế độ mẫu mới hàng víp siêu gom , phụ kiện xe máy",SUCCESS,Import thành công
116,157117410,Quần Nam Harem ống côn phong cách Hàn Quốc - T0205,SUCCESS,Import thành công
117,249724558,Quần Jean nam cao cấp ống đứng kazata màu xanh rêu vải xuất khẩu xướt nhẹ dáng slimfit vải co giãn,SUCCESS,Import thành công
118,249723132,Quần Jean nam cao cấp ống đứng kazata màu xanh trung vải xuất khẩu xướt nhẹ dáng slimfit vải co giãn,SUCCESS,Import thành công
119,276664685,"Quần gió lót lông QD2 ấm áp thời trang cho nam, Quần nỉ jogger lót lông QD1 sang trọng và dày dặn D Danido",SUCCESS,Import thành công
120,276579860,"Quần dài nam dáng suông basic, thiết kế khuy khóa trước kèm dây rút và bản lưng chu phía sau, thời thượng, phong cách",SUCCESS,Import thành công
121,70816541,"COMBO 5 quần đùi nữ May 10, quần mặc nhà, quần ngủ",SUCCESS,Import thành công
122,42712220,Quần Jean Nữ Lưng Cao Skinny Aaa Jeans,SUCCESS,Import thành công
123,169307799,"Quần baggy nữ Hiền Trần BOUTIQUE ống đứng, phom dáng Hàn Quốc màu đen xám, đồ công sở đi học",SUCCESS,Import thành công
124,119125984,Quần Ống Rộng Sapphire Blue Aaa Jeans,SUCCESS,Import thành công
125,173206437,Quần ống rộng Hiền Trần BOUTIQUE lưng cạp cao 2 cúc baggy vải nữ dài suông loe culottes màu đen,SUCCESS,Import thành công
126,20161951,Quần Tây Ống Rộng,SUCCESS,Import thành công
127,150213680,Quần Jean Ống Rộng Indigo Aaa Jeans,SUCCESS,Import thành công
128,54852797,Quần Short Thể Thao Nữ Lưng Cao Vải Dệt Cao Cấp,SUCCESS,Import thành công
129,186862741,Quần đùi cho mẹ Đen chéo Hàn - AICDMEIEXNEP - AIN Closet,SUCCESS,Import thành công
130,53833594,Quần baggy công sở Haint Boutique QT34,SUCCESS,Import thành công
131,272427125,"Bộ may vá thu nhỏ thắt lưng, thu hẹp eo quần jean kaki quần lưng thun kim chỉ nút dụng cụ luồn chun Legaxi",SUCCESS,Import thành công
132,207272740,"Quần ống rộng, chất liệu vải mát dày đẹp, quần kiểu nữ form rộng rãi, thoải mái NeSa Shop QKH.39",SUCCESS,Import thành công
133,162047969,"Quần ống loe lưng cao 2 cúc chất vải trượt Thái co giãn nhẹ, tạo dáng sành điệu công sở tôn dáng ống vẩy nữ",SUCCESS,Import thành công
134,161408734,Quần ống loe Hiền Trần BOUTIQUE nữ lưng cạp cao co giãn vải Umi Hàn co giãn tốt dáng dài,SUCCESS,Import thành công
135,76215849,Combo 2 Quần Lửng Legging 9 Tấc Thể Thao Nữ Vải Thun Lạnh Co Giãn 4 Chiều,SUCCESS,Import thành công
136,145289676,"Quần short nữ, Quần sooc nữ, Lưng cao phối nút trẻ trung vải kaki thun co giãn, thoáng mát New Design",SUCCESS,Import thành công
137,276893937,"Quần lửng ống rộng nữ Nesa Shop, chất liệu Đũi nhập loại 1, vải mát, mềm mịn, freesize dưới 55kg",SUCCESS,Import thành công
138,276045003,QUẦN JOGGER NỮ VẢI DÙ CAO CẤP NHIỀU MÀU ĐA NĂNG,SUCCESS,Import thành công
139,278582518,"Quần ống rộng nữ, chất liệu vải mềm mịn, mát mẻ, Quần dài nữ form rộng thoải mái form 40-62 kg",SUCCESS,Import thành công
140,186862750,Quần đùi cho mẹ Xanh xi măng chéo Hàn - AICDMEJPWQEO - AIN Closet,SUCCESS,Import thành công
141,67538621,Combo 5 quần ĐÙI May 10 giao màu ngẫu nhiên,SUCCESS,Import thành công
142,99958075,"Quần đùi short gió nam thể thao Basic trẻ trung năng động, thoáng mát co giãn 4 chiều MRM Manlywear",SUCCESS,Import thành công
143,99968881,"Set 2 quần đùi nam, quần Short Gió nam thể thao Basic trẻ trung năng động, thoáng mát co giãn 4 chiều MRM Manlywear",SUCCESS,Import thành công
144,99968881,"Set 2 quần đùi nam, quần Short Gió nam thể thao Basic trẻ trung năng động, thoáng mát co giãn 4 chiều MRM Manlywear",SKIP,id đã tồn tại
145,99968881,"Set 2 quần đùi nam, quần Short Gió nam thể thao Basic trẻ trung năng động, thoáng mát co giãn 4 chiều MRM Manlywear",SKIP,id đã tồn tại
146,154298071,"Combo 2 quần đùi nam, quần Short Gió nam thể thao Họa Tiết Rằn Ri trẻ trung năng động, thoáng mát co giãn 4 chiều MRM Manlywear",SUCCESS,Import thành công
147,154298071,"Combo 2 quần đùi nam, quần Short Gió nam thể thao Họa Tiết Rằn Ri trẻ trung năng động, thoáng mát co giãn 4 chiều MRM Manlywear",SKIP,id đã tồn tại
148,154298071,"Combo 2 quần đùi nam, quần Short Gió nam thể thao Họa Tiết Rằn Ri trẻ trung năng động, thoáng mát co giãn 4 chiều MRM Manlywear",SKIP,id đã tồn tại
149,154292862,"Quần đùi short gió nam thể thao Họa Tiết Rằn Ri trẻ trung năng động, thoáng mát co giãn 4 chiều MRM Manlywear",SUCCESS,Import thành công
150,154292862,"Quần đùi short gió nam thể thao Họa Tiết Rằn Ri trẻ trung năng động, thoáng mát co giãn 4 chiều MRM Manlywear",SKIP,id đã tồn tại
151,154292862,"Quần đùi short gió nam thể thao Họa Tiết Rằn Ri trẻ trung năng động, thoáng mát co giãn 4 chiều MRM Manlywear",SKIP,id đã tồn tại
152,95052893,Quần short nam big size quần sọt nam thể thao chống nóng quần đùi nam mặc nhà quần thun nam cotton 4 chiều co giãn cao cấp WSB2,SUCCESS,Import thành công
153,107801368,"Combo 2 quần đùi nam May 10 phiên bản có túi 2 bên, màu ngẫu nhiên",SUCCESS,Import thành công
154,98675410,"Quần Short Nam Mặc Ngủ, Quần Thun Nam Mặc Nhà Brave Person B1164 - Form dáng trẻ trung, năng động, nam tính - Chất liệu thoáng mát, co dãn 4 chiều",SUCCESS,Import thành công
155,14614541,Quần short thun nam phối thân Phúc An 1009,SUCCESS,Import thành công
156,273395259,"Quần Đùi HUONGTAM  nam cao cấp(QDN). Chất liệu vải loại tốt: mềm mại, thoáng mát, không phai màu.",SUCCESS,Import thành công
157,274960088,"Quần đùi nam huong tam cao cấp (QDNN6). Chất liệu vải loại tốt: mềm mại, thoáng mát, không phai màu.",SUCCESS,Import thành công
158,174017097,Quần Short Jean nam Leman xanh rách JL06 - Skinny Form,SUCCESS,Import thành công
159,766420,Quần Thể Thao Túi Hộp Nam Phúc An 1012 - Xám,SUCCESS,Import thành công
160,195305781,Combo 3 quần đùi mặc nhà - Giao màu ngẫu nhiên,SUCCESS,Import thành công
