row,product_id,user_id,rate,status,reason
1,197675716,1080817,5,SUCCESS,
2,197675716,29451093,5,SUCCESS,
3,197675716,34468,5,SUCCESS,
4,196033255,22513199,5,SUCCESS,
5,196033255,12083209,5,SKIP,Không tồn tại User 12083209
6,196033255,29614102,5,SUCCESS,
7,196033255,11484166,5,SUCCESS,
8,196033255,18423238,5,SKIP,Không tồn tại User 18423238
9,196033255,27280686,5,SKIP,Không tồn tại User 27280686
10,190129715,15504659,5,SKIP,Không tồn tại User 15504659
11,181566777,22619125,5,SUCCESS,
12,181566777,12497961,5,SUCCESS,
13,181566777,20180383,5,SUCCESS,
14,181566777,19057435,5,SUCCESS,
15,181566777,19057435,5,SKIP,User đã rating Product này
16,134757633,19373206,1,SUCCESS,
17,134757633,1854943,5,SUCCESS,
18,134757633,19373206,1,SKIP,User đã rating Product này
19,134757633,27807827,4,SUCCESS,
20,134757633,18161210,3,SUCCESS,
21,134757633,27285417,5,SUCCESS,
22,134757633,24611311,3,SUCCESS,
23,134757633,20804459,5,SUCCESS,
24,134757633,26387499,5,SUCCESS,
25,134757633,26968493,4,SUCCESS,
26,112099693,27635518,5,SUCCESS,
27,112099693,20436119,5,SUCCESS,
28,112099693,22773125,5,SUCCESS,
29,112099693,22773260,5,SUCCESS,
30,112099693,11985812,5,SKIP,Không tồn tại User 11985812
31,112099693,23943632,5,SUCCESS,
32,112099693,1284549,5,SUCCESS,
33,112099693,20436010,5,SUCCESS,
34,112099693,21001138,5,SUCCESS,
35,112099693,27134565,5,SUCCESS,
36,177274778,16110096,4,SKIP,Không tồn tại User 16110096
37,177274778,1854943,5,SUCCESS,
38,177274778,13956787,4,SUCCESS,
39,177274778,14564220,4,SUCCESS,
40,177274778,14807973,5,SUCCESS,
41,177274778,15588439,4,SUCCESS,
42,177274778,27911793,5,SUCCESS,
43,134750203,30084129,4,SUCCESS,
44,134750203,24904349,5,SUCCESS,
45,134750203,1854943,5,SUCCESS,
46,134750203,29199658,5,SUCCESS,
47,134750203,27907525,5,SUCCESS,
48,134750203,29199658,5,SKIP,User đã rating Product này
49,134750203,26255228,5,SUCCESS,
50,134750203,14122411,5,SUCCESS,
51,134750203,14584734,5,SUCCESS,
52,134750203,22850409,5,SKIP,Không tồn tại User 22850409
53,134702556,28082039,1,SUCCESS,
54,134702556,26255228,5,SUCCESS,
55,134702556,29203647,5,SUCCESS,
56,134702556,14584734,5,SUCCESS,
57,134702556,28136801,4,SUCCESS,
58,134702556,21835972,5,SUCCESS,
59,134702556,15402572,3,SKIP,Không tồn tại User 15402572
60,134702556,15402572,3,SKIP,Không tồn tại User 15402572
61,134702556,26809304,5,SKIP,Không tồn tại User 26809304
62,134702556,26735697,5,SUCCESS,
63,111477677,22643487,5,SKIP,Không tồn tại User 22643487
64,111477677,16395956,5,SKIP,Không tồn tại User 16395956
65,111477677,28827554,5,SUCCESS,
66,111477677,16316037,5,SUCCESS,
67,111477677,27133870,5,SUCCESS,
68,111477677,22643487,5,SKIP,Không tồn tại User 22643487
69,111477677,21020729,5,SUCCESS,
70,111477677,29486647,5,SKIP,Không tồn tại User 29486647
71,111477677,19167478,5,SUCCESS,
72,111477677,20340523,5,SUCCESS,
73,191474727,1544048,5,SUCCESS,
74,135075286,27683245,5,SUCCESS,
75,135075286,19498546,5,SUCCESS,
76,135075286,14584734,5,SUCCESS,
77,135075286,27343444,5,SUCCESS,
78,135075286,14564220,4,SUCCESS,
79,135075286,14564220,5,SKIP,User đã rating Product này
80,135075286,6798991,4,SUCCESS,
81,135075286,14564220,5,SKIP,User đã rating Product này
82,135075286,15352974,5,SKIP,Không tồn tại User 15352974
83,135075286,25846505,5,SUCCESS,
84,177275239,26255228,5,SUCCESS,
85,177275239,13409838,5,SUCCESS,
86,177275239,21063624,5,SUCCESS,
87,177275239,24823665,5,SUCCESS,
88,177275239,26809304,4,SKIP,Không tồn tại User 26809304
89,71949394,7807798,5,SUCCESS,
90,71949394,1218255,5,SUCCESS,
91,181136946,471157,5,SUCCESS,
92,181136946,18806354,5,SUCCESS,
93,181136946,12430464,5,SUCCESS,
94,168994241,21048839,5,SUCCESS,
95,168994241,23888770,4,SUCCESS,
96,168994241,27359095,5,SUCCESS,
97,168994241,13078347,5,SUCCESS,
98,168994241,7216049,5,SUCCESS,
99,178316423,14584734,5,SUCCESS,
100,178316423,12497961,5,SUCCESS,
101,178316423,12497961,5,SKIP,User đã rating Product này
102,178316423,14584734,5,SKIP,User đã rating Product này
103,135057302,26255228,5,SUCCESS,
104,135057302,14584734,5,SUCCESS,
105,135057302,10679347,5,SKIP,Không tồn tại User 10679347
106,135057302,19546247,1,SUCCESS,
107,135057302,20167590,5,SUCCESS,
108,135057302,8097191,5,SUCCESS,
109,135057302,25947769,4,SUCCESS,
110,135057302,1676629,5,SUCCESS,
111,135057302,7445959,5,SUCCESS,
112,134656633,16110096,5,SKIP,Không tồn tại User 16110096
113,134656633,21378217,5,SUCCESS,
114,134656633,6208038,5,SUCCESS,
115,134656633,27907525,5,SUCCESS,
116,134656633,27907525,5,SKIP,User đã rating Product này
117,134656633,17854041,5,SUCCESS,
118,134656633,27784378,5,SUCCESS,
119,189648166,1458761,5,SUCCESS,
120,189648166,15426278,4,SKIP,Không tồn tại User 15426278
121,189648166,538732,5,SUCCESS,
122,189648166,538732,5,SKIP,User đã rating Product này
123,189527267,11661825,5,SUCCESS,
124,187315703,6124627,3,SUCCESS,
125,187315703,14584734,5,SUCCESS,
126,187315703,7706612,3,SKIP,Không tồn tại User 7706612
127,187315703,17604685,5,SUCCESS,
128,187315703,26255228,5,SUCCESS,
129,187315703,16509107,5,SUCCESS,
130,187315703,25906721,4,SKIP,Không tồn tại User 25906721
131,187315703,28709313,5,SKIP,Không tồn tại User 28709313
132,187315703,25906721,4,SKIP,Không tồn tại User 25906721
133,187278904,1994429,4,SKIP,Không tồn tại User 1994429
134,187278904,1994429,4,SKIP,Không tồn tại User 1994429
135,187278904,14584734,5,SUCCESS,
136,187278904,12497961,5,SUCCESS,
137,187278904,26255228,5,SUCCESS,
138,187278904,11661825,5,SUCCESS,
139,187278904,16509107,4,SUCCESS,
140,187278904,11819743,4,SKIP,Không tồn tại User 11819743
141,187278904,17506780,5,SUCCESS,
142,187278904,11740972,4,SKIP,Không tồn tại User 11740972
143,146635373,235896,4,SUCCESS,
144,146635373,28712364,5,SKIP,Không tồn tại User 28712364
145,146635373,6074945,4,SUCCESS,
146,146635373,18611345,3,SUCCESS,
147,146635373,19373362,2,SUCCESS,
148,146635373,13097557,2,SUCCESS,
149,146635373,8617443,3,SUCCESS,
150,146635373,15369572,5,SUCCESS,
151,146635373,28731780,5,SUCCESS,
152,146635373,5875175,5,SUCCESS,
153,46060134,12548766,3,SUCCESS,
154,46060134,17522634,5,SUCCESS,
155,46060134,16988252,5,SUCCESS,
156,46060134,17469087,5,SUCCESS,
157,46060134,15180351,5,SKIP,Không tồn tại User 15180351
158,46060134,458526,5,SUCCESS,
159,46060134,11495177,2,SUCCESS,
160,46060134,15934568,5,SUCCESS,
161,46060134,17522531,5,SUCCESS,
162,46060134,15093368,5,SKIP,Không tồn tại User 15093368
163,42560688,8924100,5,SUCCESS,
164,42560688,22141803,5,SKIP,Không tồn tại User 22141803
165,42560688,13028671,2,SUCCESS,
166,42560688,17519949,4,SKIP,Không tồn tại User 17519949
167,42560688,17178103,5,SUCCESS,
168,42560688,16606219,4,SUCCESS,
169,42560688,16157786,5,SKIP,Không tồn tại User 16157786
170,40885424,22182746,5,SKIP,Không tồn tại User 22182746
171,37975688,27029151,5,SKIP,Không tồn tại User 27029151
172,37975688,2168824,4,SUCCESS,
173,37975688,10776548,1,SKIP,Không tồn tại User 10776548
174,37975688,13532219,5,SKIP,Không tồn tại User 13532219
175,37975688,13598486,5,SUCCESS,
176,37975688,14702805,5,SUCCESS,
177,37975688,697341,3,SUCCESS,
178,37975688,27029629,5,SUCCESS,
179,37975688,16018622,5,SUCCESS,
180,37975688,17520944,5,SUCCESS,
181,34592981,7348120,5,SUCCESS,
182,34592981,8810800,5,SUCCESS,
183,34592981,29535762,5,SUCCESS,
184,34592981,16949284,4,SUCCESS,
185,34592981,17890549,4,SKIP,Không tồn tại User 17890549
186,34592981,28249704,5,SKIP,Không tồn tại User 28249704
187,34592981,17875221,4,SKIP,Không tồn tại User 17875221
188,34592981,8569497,5,SKIP,Không tồn tại User 8569497
189,34592981,10940904,5,SUCCESS,
190,34592981,18577867,1,SKIP,Không tồn tại User 18577867
191,29941760,9912726,5,SUCCESS,
192,15778666,13900959,5,SUCCESS,
193,15778666,13900959,5,SKIP,User đã rating Product này
194,15778666,22899760,5,SUCCESS,
195,15778666,20867676,3,SKIP,Không tồn tại User 20867676
196,15778666,7297522,5,SUCCESS,
197,15778666,14544121,5,SKIP,Không tồn tại User 14544121
198,15778666,14544121,4,SKIP,Không tồn tại User 14544121
199,15778666,1663324,5,SUCCESS,
200,15778666,10725392,1,SUCCESS,
201,15778666,12741362,5,SKIP,Không tồn tại User 12741362
202,14837830,29685406,5,SUCCESS,
203,14837830,8251018,5,SKIP,Không tồn tại User 8251018
204,14837830,20011062,1,SUCCESS,
205,14837830,12412921,5,SUCCESS,
206,14837830,25708388,5,SKIP,Không tồn tại User 25708388
207,14837830,25708388,5,SKIP,Không tồn tại User 25708388
208,14837830,15761755,5,SKIP,Không tồn tại User 15761755
209,14837830,22078224,1,SUCCESS,
210,14837830,7731517,4,SKIP,Không tồn tại User 7731517
211,14837830,15798318,2,SKIP,Không tồn tại User 15798318
212,276329236,5628123,5,SUCCESS,
213,160264804,11525465,5,SUCCESS,
214,160264804,11160308,5,SUCCESS,
215,160264804,11160308,5,SKIP,User đã rating Product này
216,160264804,18693049,5,SUCCESS,
217,90642209,18693049,5,SUCCESS,
218,90642209,21552843,5,SUCCESS,
219,18005285,9776683,5,SKIP,Không tồn tại User 9776683
220,18005285,28626274,4,SUCCESS,
221,18005285,7334749,5,SKIP,Không tồn tại User 7334749
222,18005285,27938286,5,SKIP,Không tồn tại User 27938286
223,18005285,6865537,3,SUCCESS,
224,18005285,22633,2,SKIP,Không tồn tại User 22633
225,18005285,1118819,5,SKIP,Không tồn tại User 1118819
226,18005285,11333663,5,SUCCESS,
227,18005285,7516704,5,SUCCESS,
228,18005285,11171642,4,SUCCESS,
229,121412391,22170852,5,SUCCESS,
230,121412391,11525465,5,SUCCESS,
231,121412391,21552843,5,SUCCESS,
232,121412391,7097221,5,SUCCESS,
233,24882095,9687798,5,SUCCESS,
234,21264406,20469355,1,SUCCESS,
235,21264406,14775340,5,SUCCESS,
236,21264406,16473311,3,SUCCESS,
237,21264406,1893616,4,SUCCESS,
238,21264406,20043583,5,SUCCESS,
239,21264406,12795552,5,SKIP,Không tồn tại User 12795552
240,21264406,17729944,5,SUCCESS,
241,21264406,17729944,4,SKIP,User đã rating Product này
242,21264406,14471655,3,SUCCESS,
243,21264406,16528397,5,SKIP,Không tồn tại User 16528397
244,179237389,14584734,5,SUCCESS,
245,179237389,26255228,5,SUCCESS,
246,179237389,12497961,5,SUCCESS,
247,68200548,8481405,1,SKIP,Không tồn tại User 8481405
248,68200548,7682625,5,SUCCESS,
249,68200548,8481405,3,SKIP,Không tồn tại User 8481405
250,68200548,14659482,5,SKIP,Không tồn tại User 14659482
251,68200548,30417050,5,SKIP,Không tồn tại User 30417050
252,68200548,30417050,5,SKIP,Không tồn tại User 30417050
253,68200548,17233511,5,SUCCESS,
254,68200548,29340390,2,SKIP,Không tồn tại User 29340390
255,68200548,22695070,5,SUCCESS,
256,68200548,17394516,5,SUCCESS,
257,68202834,5353240,2,SUCCESS,
258,68202834,11050733,4,SUCCESS,
259,68202834,1108426,5,SUCCESS,
260,68202834,15057466,4,SUCCESS,
261,68202834,18008292,4,SUCCESS,
262,68202834,24792916,5,SUCCESS,
263,68202834,18008292,4,SKIP,User đã rating Product này
264,68202834,1688018,2,SUCCESS,
265,68202834,416151,3,SUCCESS,
266,68202834,13192833,5,SKIP,Không tồn tại User 13192833
267,42899542,22998652,5,SUCCESS,
268,42899542,21648132,5,SUCCESS,
269,42899542,16656935,5,SUCCESS,
270,42899542,16656875,5,SUCCESS,
271,42899542,7199654,5,SKIP,Không tồn tại User 7199654
272,42899542,16238456,5,SUCCESS,
273,42899542,7782188,5,SUCCESS,
274,42899542,18253262,2,SUCCESS,
275,42899542,18253262,2,SKIP,User đã rating Product này
276,42899542,20351454,5,SUCCESS,
277,43333663,21540984,2,SUCCESS,
278,43333663,15015994,5,SUCCESS,
279,43333663,14684778,5,SUCCESS,
280,43333663,28406275,4,SUCCESS,
281,43333663,30231025,5,SKIP,Không tồn tại User 30231025
282,43333663,29434418,5,SUCCESS,
283,43333663,20238399,5,SKIP,comment vượt quá 500 ký tự
284,43333663,28406275,5,SKIP,User đã rating Product này
285,43333663,18329289,5,SUCCESS,
286,43333663,461419,2,SKIP,Không tồn tại User 461419
287,251773296,834611,5,SUCCESS,
288,251773296,16082309,4,SUCCESS,
289,251773296,22695063,5,SKIP,Không tồn tại User 22695063
290,251773296,28530222,5,SUCCESS,
291,251773296,19712706,5,SKIP,Không tồn tại User 19712706
292,251773296,11919815,5,SKIP,Không tồn tại User 11919815
293,251773296,1810967,5,SKIP,Không tồn tại User 1810967
294,251773296,7942621,5,SKIP,Không tồn tại User 7942621
295,251773296,29041974,5,SUCCESS,
296,251773296,12872274,5,SUCCESS,
297,193504415,26200419,5,SUCCESS,
298,193504415,27026604,5,SUCCESS,
299,193504415,26119705,5,SUCCESS,
300,193504415,2023224,5,SKIP,Không tồn tại User 2023224
301,193504415,18008292,4,SUCCESS,
302,193504415,18008292,4,SKIP,User đã rating Product này
303,193504415,2023224,5,SKIP,Không tồn tại User 2023224
304,193504415,15664514,5,SUCCESS,
305,193504415,26288231,5,SUCCESS,
306,193504415,27744519,4,SKIP,Không tồn tại User 27744519
307,193492866,27026604,5,SUCCESS,
308,193492866,7182365,5,SKIP,Không tồn tại User 7182365
309,193492866,26200419,5,SUCCESS,
310,193492866,30357506,5,SUCCESS,
311,193492866,26119705,5,SUCCESS,
312,193492866,26288231,5,SUCCESS,
313,193492866,27143043,5,SUCCESS,
314,193492866,26200534,5,SUCCESS,
315,193492866,27009952,5,SUCCESS,
316,193492866,26183798,5,SUCCESS,
317,176251118,22695070,5,SUCCESS,
318,176251118,22695070,5,SKIP,User đã rating Product này
319,176251118,26066107,5,SUCCESS,
320,176251118,26288092,5,SKIP,Không tồn tại User 26288092
321,176251118,17704819,5,SKIP,Không tồn tại User 17704819
322,176251118,26252417,5,SUCCESS,
323,176251118,22580465,5,SUCCESS,
324,176251118,26183739,5,SUCCESS,
325,176251118,26283484,5,SUCCESS,
326,176251118,18008292,4,SUCCESS,
327,176250783,22695070,5,SUCCESS,
328,176250783,26066107,5,SUCCESS,
329,176250783,26183739,5,SUCCESS,
330,176250783,7682625,5,SUCCESS,
331,176250783,30658545,5,SUCCESS,
332,176250783,7682625,5,SKIP,User đã rating Product này
333,176250783,24741119,5,SKIP,Không tồn tại User 24741119
334,176250783,11973732,4,SUCCESS,
335,176250783,17341182,5,SUCCESS,
336,176250783,26283484,5,SUCCESS,
337,103076103,7515489,5,SUCCESS,
338,103076103,21835956,5,SUCCESS,
339,103076103,16003692,5,SUCCESS,
340,103076103,23700484,5,SUCCESS,
341,103076103,20125930,5,SUCCESS,
342,103076103,330353,5,SKIP,Không tồn tại User 330353
343,103076103,18235351,4,SKIP,Không tồn tại User 18235351
344,103076103,15298,5,SUCCESS,
345,103076103,145407,5,SUCCESS,
346,103076103,21538475,5,SUCCESS,
347,87981660,21836173,5,SUCCESS,
348,87981660,26331112,5,SUCCESS,
349,87981660,28030617,4,SUCCESS,
350,87981660,20125930,5,SUCCESS,
351,87981660,22998652,5,SUCCESS,
352,87981660,18628464,5,SKIP,Không tồn tại User 18628464
353,87981660,23054420,5,SUCCESS,
354,87981660,8523177,5,SKIP,Không tồn tại User 8523177
355,87981660,11311899,5,SUCCESS,
356,87981660,8282042,5,SUCCESS,
357,110938120,28157954,5,SKIP,Không tồn tại User 28157954
358,110938120,20436119,5,SUCCESS,
359,110938120,27484493,5,SKIP,Không tồn tại User 27484493
360,110938120,19309767,5,SKIP,Không tồn tại User 19309767
361,110938120,27484493,5,SKIP,Không tồn tại User 27484493
362,110938120,1132014,5,SUCCESS,
363,110938120,19580762,5,SKIP,Không tồn tại User 19580762
364,110938120,25373638,5,SUCCESS,
365,110938120,25368540,5,SKIP,Không tồn tại User 25368540
366,110938120,20435467,5,SKIP,Không tồn tại User 20435467
367,277880869,20577316,5,SUCCESS,
368,84709814,646445,4,SUCCESS,
369,84709814,516763,4,SKIP,Không tồn tại User 516763
370,84709814,5315304,3,SUCCESS,
371,84709814,14791410,5,SUCCESS,
372,84709814,8084039,4,SKIP,Không tồn tại User 8084039
373,84709814,21697039,4,SKIP,Không tồn tại User 21697039
374,84709814,691877,5,SUCCESS,
375,84709814,928019,4,SUCCESS,
376,84709814,992232,5,SKIP,Không tồn tại User 992232
377,84709814,691877,5,SKIP,User đã rating Product này
378,16155074,24994329,5,SUCCESS,
379,16155074,18550993,5,SUCCESS,
380,16155074,25125434,5,SKIP,Không tồn tại User 25125434
381,16155074,26339910,5,SKIP,Không tồn tại User 26339910
382,16155074,20773485,5,SUCCESS,
383,16155074,16415989,1,SKIP,Không tồn tại User 16415989
384,16155074,20660525,5,SUCCESS,
385,16155074,7251932,5,SUCCESS,
386,16155074,13104134,5,SKIP,Không tồn tại User 13104134
387,16155074,13153709,5,SKIP,Không tồn tại User 13153709
388,273369075,29620027,5,SKIP,Không tồn tại User 29620027
389,273369075,14610415,5,SKIP,Không tồn tại User 14610415
390,273369075,29618934,5,SUCCESS,
391,273369075,29606003,5,SKIP,Không tồn tại User 29606003
392,273369075,16476036,5,SUCCESS,
393,273369075,21659046,5,SUCCESS,
394,273369075,14610415,5,SKIP,Không tồn tại User 14610415
395,251461830,15020628,5,SKIP,Không tồn tại User 15020628
396,117888812,28310003,5,SKIP,Không tồn tại User 28310003
397,117888812,9051284,5,SUCCESS,
398,117888812,20571748,5,SUCCESS,
399,117888812,24432058,5,SKIP,Không tồn tại User 24432058
400,43842296,1213142,5,SKIP,Không tồn tại User 1213142
401,43842296,16200570,5,SUCCESS,
402,43842296,6319441,4,SKIP,Không tồn tại User 6319441
403,43842296,19770688,5,SUCCESS,
404,43842296,16756583,4,SUCCESS,
405,43842296,773559,5,SKIP,Không tồn tại User 773559
406,43842296,1563457,2,SUCCESS,
407,43842296,12504808,5,SKIP,Không tồn tại User 12504808
408,43842296,6561667,5,SUCCESS,
409,43842296,14621342,5,SKIP,Không tồn tại User 14621342
410,225172057,320508,5,SKIP,Không tồn tại User 320508
411,225172057,7716979,5,SKIP,Không tồn tại User 7716979
412,225172057,28151089,4,SUCCESS,
413,225172057,12306291,4,SKIP,Không tồn tại User 12306291
414,225172057,12306291,4,SKIP,Không tồn tại User 12306291
415,186105036,30020336,5,SKIP,Không tồn tại User 30020336
416,186105036,27696015,5,SUCCESS,
417,186105036,21657041,2,SKIP,Không tồn tại User 21657041
418,186105036,27696015,5,SKIP,User đã rating Product này
419,186105036,27696015,5,SKIP,User đã rating Product này
420,186105036,21657041,1,SKIP,Không tồn tại User 21657041
421,186105036,2070620,3,SUCCESS,
422,186105036,11069147,4,SUCCESS,
423,174379620,28310003,5,SKIP,Không tồn tại User 28310003
424,174379620,17880761,5,SKIP,Không tồn tại User 17880761
425,174379620,17880761,5,SKIP,Không tồn tại User 17880761
426,174379620,10379070,5,SKIP,Không tồn tại User 10379070
427,105104463,20571748,5,SUCCESS,
428,5981171,13479148,5,SKIP,Không tồn tại User 13479148
429,5981171,6869431,5,SKIP,comment vượt quá 500 ký tự
430,5981171,8550437,5,SUCCESS,
431,5981171,1394075,4,SUCCESS,
432,5981171,19770688,5,SUCCESS,
433,5981171,14710682,4,SUCCESS,
434,5981171,16548267,5,SUCCESS,
435,5981171,18167954,5,SUCCESS,
436,5981171,335777,3,SUCCESS,
437,275381218,7478536,5,SUCCESS,
438,198735289,27696015,5,SUCCESS,
439,198735289,28951190,5,SKIP,Không tồn tại User 28951190
440,198735289,5102988,2,SKIP,Không tồn tại User 5102988
441,198735289,11414782,5,SUCCESS,
442,198735289,5737678,5,SKIP,Không tồn tại User 5737678
443,198735289,10037119,5,SUCCESS,
444,174379594,23694124,5,SKIP,Không tồn tại User 23694124
445,174379594,23694124,5,SKIP,Không tồn tại User 23694124
446,174379567,17880761,5,SKIP,Không tồn tại User 17880761
447,174379567,17880761,5,SKIP,Không tồn tại User 17880761
448,174379567,10379070,5,SKIP,Không tồn tại User 10379070
449,48384550,17900167,4,SUCCESS,
450,48384550,5404159,5,SKIP,Không tồn tại User 5404159
451,48384550,19681053,4,SUCCESS,
452,48384550,7805053,3,SKIP,Không tồn tại User 7805053
453,48384550,13083981,5,SKIP,Không tồn tại User 13083981
454,48384550,18229077,5,SKIP,Không tồn tại User 18229077
455,48384550,5280789,5,SUCCESS,
456,48384550,13513355,5,SKIP,Không tồn tại User 13513355
457,194959961,27696015,5,SUCCESS,
458,194959961,27696015,5,SKIP,User đã rating Product này
459,194959961,10596433,3,SUCCESS,
460,194959961,27696015,5,SKIP,User đã rating Product này
461,194959961,15156455,5,SUCCESS,
462,194959961,15156455,5,SKIP,User đã rating Product này
463,194959961,17910417,5,SUCCESS,
464,194959961,10596433,2,SKIP,User đã rating Product này
465,194959961,29057163,5,SKIP,Không tồn tại User 29057163
466,194959961,14479838,5,SKIP,Không tồn tại User 14479838
467,107540897,17558077,4,SUCCESS,
468,107540897,146454,3,SUCCESS,
469,107540897,7665145,5,SKIP,Không tồn tại User 7665145
470,107540897,27600375,3,SKIP,Không tồn tại User 27600375
471,107540897,8973994,4,SUCCESS,
472,107540897,8482616,5,SUCCESS,
473,107540897,8482616,5,SKIP,User đã rating Product này
474,107540897,16021673,5,SUCCESS,
475,107540897,9748816,5,SUCCESS,
476,107540897,27600375,5,SKIP,Không tồn tại User 27600375
477,105673810,18693049,5,SUCCESS,
478,61416569,23412717,5,SKIP,Không tồn tại User 23412717
479,61416569,23412717,5,SKIP,Không tồn tại User 23412717
480,61416569,23412717,5,SKIP,Không tồn tại User 23412717
481,61416569,17520955,5,SUCCESS,
482,61416569,20773340,5,SKIP,Không tồn tại User 20773340
483,61416569,21174109,5,SUCCESS,
484,52670135,22558458,1,SKIP,Không tồn tại User 22558458
485,52670135,17381463,5,SUCCESS,
486,52670135,28612612,3,SKIP,Không tồn tại User 28612612
487,52670135,20968824,5,SUCCESS,
488,52670135,12679142,5,SKIP,Không tồn tại User 12679142
489,52670135,19235415,1,SKIP,Không tồn tại User 19235415
490,52670135,5721164,1,SUCCESS,
491,52670135,11904926,4,SKIP,Không tồn tại User 11904926
492,52670135,11007036,5,SKIP,Không tồn tại User 11007036
493,52670135,1052603,5,SUCCESS,
494,42559483,8101360,5,SKIP,Không tồn tại User 8101360
495,42559483,13597484,5,SKIP,Không tồn tại User 13597484
496,42559483,13597991,5,SUCCESS,
497,42559483,20746681,5,SKIP,Không tồn tại User 20746681
498,42559483,460651,5,SKIP,Không tồn tại User 460651
499,42559483,14456120,5,SUCCESS,
500,42559483,27426762,5,SUCCESS,
501,42559483,20746681,5,SKIP,Không tồn tại User 20746681
502,42559483,14654918,5,SUCCESS,
503,42559483,17522123,5,SKIP,Không tồn tại User 17522123
504,52244246,12272392,5,SKIP,Không tồn tại User 12272392
505,52244246,8027360,3,SUCCESS,
506,52244246,12932054,1,SUCCESS,
507,52244246,10294415,4,SUCCESS,
508,52244246,17535518,1,SKIP,Không tồn tại User 17535518
509,52244246,7069363,5,SUCCESS,
510,52244246,13485873,1,SUCCESS,
511,52244246,16800826,5,SKIP,Không tồn tại User 16800826
512,52244246,17308827,4,SKIP,Không tồn tại User 17308827
513,52244246,18093647,3,SUCCESS,
514,47262003,16862890,5,SUCCESS,
515,47262003,751272,4,SUCCESS,
516,47262003,16949968,5,SUCCESS,
517,47262003,6261645,2,SUCCESS,
518,47262003,21174109,5,SUCCESS,
519,47262003,16949938,5,SUCCESS,
520,47262003,16949812,5,SUCCESS,
521,47262003,16259813,5,SKIP,Không tồn tại User 16259813
522,47262003,752925,5,SUCCESS,
523,201160879,27791767,5,SUCCESS,
524,201160788,27709392,5,SUCCESS,
525,201160788,25759674,5,SUCCESS,
526,201160788,29098926,5,SUCCESS,
527,201160788,6436166,4,SKIP,Không tồn tại User 6436166
528,146635392,29344908,5,SKIP,Không tồn tại User 29344908
529,146635392,27282547,2,SKIP,Không tồn tại User 27282547
530,146635392,28712364,5,SKIP,Không tồn tại User 28712364
531,146635392,14398351,5,SUCCESS,
532,146635392,7128036,5,SUCCESS,
533,146635392,18619631,5,SKIP,Không tồn tại User 18619631
534,146635392,22884219,1,SKIP,Không tồn tại User 22884219
535,146635392,12532528,5,SUCCESS,
536,146635392,17460287,5,SKIP,Không tồn tại User 17460287
537,146635392,11110098,5,SKIP,Không tồn tại User 11110098
538,136019920,27271704,5,SKIP,Không tồn tại User 27271704
539,14837844,12797035,1,SKIP,Không tồn tại User 12797035
540,14837844,12797035,2,SKIP,Không tồn tại User 12797035
541,14837844,5984237,3,SKIP,Không tồn tại User 5984237
542,14837844,26367684,5,SKIP,Không tồn tại User 26367684
543,14837844,8064027,2,SUCCESS,
544,14837844,1800728,1,SKIP,Không tồn tại User 1800728
545,14837844,8440105,1,SUCCESS,
546,14837844,17694334,5,SUCCESS,
547,14837844,21726251,5,SUCCESS,
548,14837844,7840164,5,SKIP,Không tồn tại User 7840164
549,194063281,10456088,5,SUCCESS,
550,106043930,1342221,5,SUCCESS,
551,42559444,17522648,5,SUCCESS,
552,42559444,16372288,5,SKIP,Không tồn tại User 16372288
553,42559444,17522597,5,SUCCESS,
554,42559444,16302128,5,SKIP,Không tồn tại User 16302128
555,42559444,17522260,5,SKIP,Không tồn tại User 17522260
556,42559444,12451100,5,SKIP,Không tồn tại User 12451100
557,42559444,1862643,1,SUCCESS,
558,42559444,16949968,5,SUCCESS,
559,42559444,14613085,5,SUCCESS,
560,42559444,17809052,2,SUCCESS,
561,14837927,17489491,4,SUCCESS,
562,14837927,13590130,5,SKIP,Không tồn tại User 13590130
563,14837927,15035284,5,SUCCESS,
564,14837927,13866348,4,SKIP,Không tồn tại User 13866348
565,14837927,17444990,5,SKIP,Không tồn tại User 17444990
566,14837927,16356933,5,SUCCESS,
567,185919189,13645740,5,SKIP,Không tồn tại User 13645740
568,57318339,12707230,5,SKIP,Không tồn tại User 12707230
569,57318339,16308326,5,SUCCESS,
570,57318339,28614138,3,SUCCESS,
571,57318339,18671497,5,SKIP,Không tồn tại User 18671497
572,57318339,16308326,5,SKIP,User đã rating Product này
573,57318339,27594864,4,SKIP,Không tồn tại User 27594864
574,57318339,21486304,5,SUCCESS,
575,57318339,19282283,5,SKIP,Không tồn tại User 19282283
576,57318339,15223318,4,SKIP,Không tồn tại User 15223318
577,57318339,19288939,5,SUCCESS,
578,56307223,19177254,5,SUCCESS,
579,42190578,15971188,5,SKIP,Không tồn tại User 15971188
580,276579860,29782882,5,SUCCESS,
581,276579860,29782882,5,SKIP,User đã rating Product này
582,276579860,29782882,5,SKIP,User đã rating Product này
583,249724558,12891532,5,SKIP,Không tồn tại User 12891532
584,249724558,30182843,5,SKIP,Không tồn tại User 30182843
585,249724558,26394007,5,SKIP,Không tồn tại User 26394007
586,249723132,12714674,5,SKIP,Không tồn tại User 12714674
587,249723132,30607784,5,SKIP,Không tồn tại User 30607784
588,249723132,24595405,5,SKIP,Không tồn tại User 24595405
589,249723132,29816512,5,SUCCESS,
590,249723132,16231591,5,SUCCESS,
591,249723132,12486717,5,SKIP,Không tồn tại User 12486717
592,249723132,24775820,5,SUCCESS,
593,193981069,10960800,5,SKIP,Không tồn tại User 10960800
594,193981069,19104908,5,SKIP,Không tồn tại User 19104908
595,193981069,13142519,5,SUCCESS,
596,193981069,9663588,5,SKIP,Không tồn tại User 9663588
597,193981069,16885206,5,SUCCESS,
598,193981069,17089497,5,SKIP,Không tồn tại User 17089497
599,193981069,10276037,5,SUCCESS,
600,193981069,20241020,5,SUCCESS,
601,193981069,8125370,5,SKIP,Không tồn tại User 8125370
602,193981069,12891532,5,SKIP,Không tồn tại User 12891532
603,193978418,15339405,5,SUCCESS,
604,193978418,17620477,4,SUCCESS,
605,193978418,9843136,5,SUCCESS,
606,193978418,1625522,5,SKIP,Không tồn tại User 1625522
607,193978418,17341182,5,SUCCESS,
608,193978418,19768660,5,SUCCESS,
609,193978418,20036344,5,SUCCESS,
610,193978418,20241020,5,SUCCESS,
611,193978418,25847209,4,SUCCESS,
612,193978418,5293942,5,SKIP,Không tồn tại User 5293942
613,157117410,23783590,5,SKIP,Không tồn tại User 23783590
614,112086654,15109609,5,SKIP,Không tồn tại User 15109609
615,112086654,19580762,5,SKIP,Không tồn tại User 19580762
616,112086654,25376109,5,SKIP,Không tồn tại User 25376109
617,112086654,14202761,5,SKIP,Không tồn tại User 14202761
618,112086654,19663687,4,SKIP,Không tồn tại User 19663687
619,112086654,1284549,5,SUCCESS,
620,112086654,27635518,5,SUCCESS,
621,112086654,12899594,4,SUCCESS,
622,112086654,22772228,5,SKIP,Không tồn tại User 22772228
623,112086654,24973852,5,SKIP,Không tồn tại User 24973852
624,102531428,1521661,5,SKIP,Không tồn tại User 1521661
625,102531428,15783986,5,SKIP,Không tồn tại User 15783986
626,102531428,8032588,5,SUCCESS,
627,276897852,27262352,5,SUCCESS,
628,111972654,16191266,1,SUCCESS,
629,111972654,15221357,5,SKIP,Không tồn tại User 15221357
630,111972654,28651192,1,SUCCESS,
631,111972654,20435086,5,SKIP,Không tồn tại User 20435086
632,111972654,8383056,2,SUCCESS,
633,111972654,22773125,5,SUCCESS,
634,111972654,17378587,1,SUCCESS,
635,111972654,19309767,5,SKIP,Không tồn tại User 19309767
636,111972654,22773049,5,SKIP,Không tồn tại User 22773049
637,111972654,20100715,2,SKIP,Không tồn tại User 20100715
638,111560211,16778527,4,SUCCESS,
639,111560211,20436119,5,SUCCESS,
640,111560211,25366299,5,SUCCESS,
641,111560211,15658950,5,SKIP,Không tồn tại User 15658950
642,111560211,30375777,4,SKIP,Không tồn tại User 30375777
643,111560211,5495855,5,SUCCESS,
644,111560211,27484312,5,SUCCESS,
645,111560211,16367392,5,SUCCESS,
646,111560211,15496789,4,SKIP,Không tồn tại User 15496789
647,111560211,16316037,4,SUCCESS,
648,42424755,5782244,5,SKIP,Không tồn tại User 5782244
649,42424755,30226121,1,SUCCESS,
650,42424755,14354705,4,SKIP,Không tồn tại User 14354705
651,42424755,15179377,5,SKIP,Không tồn tại User 15179377
652,42424755,15632989,5,SKIP,Không tồn tại User 15632989
653,42424755,15643619,5,SKIP,Không tồn tại User 15643619
654,42424755,15643174,5,SKIP,Không tồn tại User 15643174
655,42424755,30248519,5,SUCCESS,
656,42424755,263702,5,SKIP,Không tồn tại User 263702
657,42424755,23352183,5,SKIP,Không tồn tại User 23352183
658,276664685,15492677,5,SUCCESS,
659,276664685,565135,5,SKIP,Không tồn tại User 565135
660,262051471,13957233,5,SKIP,Không tồn tại User 13957233
661,174001966,26330488,5,SKIP,Không tồn tại User 26330488
662,174001966,24741119,5,SKIP,Không tồn tại User 24741119
663,174001966,19350168,5,SKIP,Không tồn tại User 19350168
664,174001966,12382633,5,SUCCESS,
665,174001966,29580501,5,SKIP,Không tồn tại User 29580501
666,174001966,18231243,5,SKIP,Không tồn tại User 18231243
667,4382605,26998628,1,SKIP,Không tồn tại User 26998628
668,4382605,30297619,5,SUCCESS,
669,4382605,15224548,4,SKIP,Không tồn tại User 15224548
670,4382605,10624315,4,SKIP,Không tồn tại User 10624315
671,4382605,6192978,5,SUCCESS,
672,4382605,6656,2,SUCCESS,
673,4382605,19310941,5,SKIP,Không tồn tại User 19310941
674,4382605,5916313,5,SUCCESS,
675,4382605,1985677,5,SUCCESS,
676,4382605,1845950,4,SUCCESS,
677,193987820,12947695,4,SKIP,Không tồn tại User 12947695
678,193987820,1094150,4,SUCCESS,
679,193987820,7884281,5,SKIP,Không tồn tại User 7884281
680,193987820,26154830,5,SKIP,Không tồn tại User 26154830
681,193987820,1569017,5,SKIP,Không tồn tại User 1569017
682,193987820,9671299,5,SUCCESS,
683,193987820,6957708,5,SUCCESS,
684,193987820,9921176,5,SKIP,Không tồn tại User 9921176
685,193987820,23545506,5,SUCCESS,
686,193987820,8125370,5,SKIP,Không tồn tại User 8125370
687,173998725,18231243,5,SKIP,Không tồn tại User 18231243
688,110477285,9890188,5,SKIP,Không tồn tại User 9890188
689,110477285,6709947,5,SUCCESS,
690,110477285,16855148,5,SKIP,Không tồn tại User 16855148
691,110477285,29813114,5,SUCCESS,
692,110477285,12580655,5,SUCCESS,
693,110477285,13459133,5,SKIP,Không tồn tại User 13459133
694,110477285,24225115,5,SKIP,Không tồn tại User 24225115
695,110477285,11956819,4,SKIP,Không tồn tại User 11956819
696,110477285,28170778,5,SUCCESS,
697,110477285,9703781,5,SUCCESS,
698,180853362,30132705,5,SUCCESS,
699,180853362,20058830,5,SUCCESS,
700,276893937,6454376,5,SKIP,Không tồn tại User 6454376
701,276045003,11354427,5,SUCCESS,
702,272427125,21904807,5,SKIP,Không tồn tại User 21904807
703,272427125,21904807,5,SKIP,Không tồn tại User 21904807
704,70816541,18025738,5,SKIP,Không tồn tại User 18025738
705,70816541,17647387,1,SKIP,Không tồn tại User 17647387
706,70816541,30113976,5,SKIP,Không tồn tại User 30113976
707,70816541,1964449,5,SUCCESS,
708,70816541,20238399,5,SUCCESS,
709,70816541,11057753,5,SUCCESS,
710,70816541,17723038,5,SKIP,Không tồn tại User 17723038
711,70816541,9797961,5,SKIP,Không tồn tại User 9797961
712,70816541,14017763,5,SKIP,Không tồn tại User 14017763
713,70816541,26983763,5,SUCCESS,
714,42712220,12730643,5,SKIP,comment vượt quá 500 ký tự
715,42712220,658353,5,SUCCESS,
716,42712220,20489657,5,SUCCESS,
717,42712220,12960163,5,SUCCESS,
718,42712220,13683745,5,SUCCESS,
719,42712220,24817352,5,SKIP,Không tồn tại User 24817352
720,42712220,8079494,5,SUCCESS,
721,42712220,8131869,5,SKIP,Không tồn tại User 8131869
722,42712220,513776,5,SUCCESS,
723,42712220,24817352,5,SKIP,Không tồn tại User 24817352
724,20161951,7478536,5,SUCCESS,
725,20161951,10069830,1,SKIP,Không tồn tại User 10069830
726,20161951,12593719,1,SUCCESS,
727,20161951,19818129,1,SUCCESS,
728,20161951,7321069,5,SUCCESS,
729,20161951,18658262,5,SKIP,Không tồn tại User 18658262
730,20161951,18658262,5,SKIP,Không tồn tại User 18658262
731,20161951,15971490,5,SUCCESS,
732,20161951,19503390,5,SUCCESS,
733,20161951,19503390,5,SKIP,User đã rating Product này
734,278582518,21848805,5,SKIP,Không tồn tại User 21848805
735,278582518,28718509,5,SKIP,Không tồn tại User 28718509
736,207272740,5195993,5,SKIP,Không tồn tại User 5195993
737,207272740,25166068,5,SUCCESS,
738,186862750,2083234,5,SKIP,Không tồn tại User 2083234
739,186862750,8838091,5,SUCCESS,
740,173206437,26717862,5,SKIP,Không tồn tại User 26717862
741,173206437,20706292,5,SKIP,Không tồn tại User 20706292
742,173206437,22392568,5,SKIP,Không tồn tại User 22392568
743,173206437,12654773,5,SKIP,Không tồn tại User 12654773
744,173206437,12654773,5,SKIP,Không tồn tại User 12654773
745,173206437,12654773,5,SKIP,Không tồn tại User 12654773
746,173206437,6638957,5,SUCCESS,
747,169307799,1187041,5,SKIP,Không tồn tại User 1187041
748,169307799,1187041,5,SKIP,Không tồn tại User 1187041
749,169307799,6793369,5,SKIP,Không tồn tại User 6793369
750,169307799,331351,4,SKIP,Không tồn tại User 331351
751,169307799,29086997,5,SUCCESS,
752,169307799,28132980,5,SKIP,Không tồn tại User 28132980
753,169307799,28354353,5,SKIP,Không tồn tại User 28354353
754,169307799,20146106,5,SUCCESS,
755,169307799,8524087,5,SUCCESS,
756,169307799,10857170,5,SUCCESS,
757,162047969,28434888,5,SUCCESS,
758,162047969,27842781,5,SKIP,Không tồn tại User 27842781
759,161408734,8634149,5,SUCCESS,
760,150213680,11870360,5,SUCCESS,
761,150213680,13255131,5,SKIP,Không tồn tại User 13255131
762,150213680,24774085,5,SUCCESS,
763,150213680,21295088,5,SUCCESS,
764,53833594,30466073,5,SKIP,Không tồn tại User 30466073
765,53833594,16435921,5,SKIP,Không tồn tại User 16435921
766,145289676,25550791,5,SKIP,Không tồn tại User 25550791
767,145289676,27696015,5,SUCCESS,
768,145289676,6970396,5,SUCCESS,
769,76215849,16272702,5,SUCCESS,
770,186862741,27673241,5,SKIP,Không tồn tại User 27673241
771,186862741,16983024,5,SUCCESS,
772,119125984,15179064,5,SUCCESS,
773,119125984,1005738,5,SKIP,Không tồn tại User 1005738
774,119125984,1398249,5,SKIP,Không tồn tại User 1398249
775,119125984,22516016,5,SKIP,Không tồn tại User 22516016
776,119125984,18157161,5,SKIP,Không tồn tại User 18157161
777,119125984,13255131,5,SKIP,Không tồn tại User 13255131
778,54852797,7164347,5,SKIP,Không tồn tại User 7164347
779,154298071,25683720,5,SUCCESS,
780,154298071,11632157,2,SUCCESS,
781,154298071,19034956,5,SUCCESS,
782,154298071,1723176,5,SUCCESS,
783,154298071,15095092,5,SKIP,Không tồn tại User 15095092
784,154298071,7307037,5,SUCCESS,
785,154298071,1466599,5,SUCCESS,
786,154298071,26287855,5,SUCCESS,
787,154298071,26074686,5,SKIP,Không tồn tại User 26074686
788,154298071,26252391,5,SKIP,Không tồn tại User 26252391
789,154292862,8600723,5,SKIP,Không tồn tại User 8600723
790,154292862,12762864,5,SUCCESS,
791,154292862,26287855,5,SUCCESS,
792,154292862,30275211,5,SKIP,Không tồn tại User 30275211
793,154292862,13158707,5,SUCCESS,
794,154292862,30357506,5,SUCCESS,
795,154292862,26074686,5,SKIP,Không tồn tại User 26074686
796,154292862,5164910,5,SKIP,Không tồn tại User 5164910
797,154292862,7891343,5,SKIP,Không tồn tại User 7891343
798,154292862,10690427,3,SUCCESS,
799,99968881,30626054,5,SUCCESS,
800,99968881,30134397,5,SUCCESS,
801,99968881,30325248,5,SUCCESS,
802,99968881,1991157,4,SUCCESS,
803,99968881,5772698,5,SUCCESS,
804,99968881,29946042,5,SUCCESS,
805,99968881,1194322,5,SKIP,Không tồn tại User 1194322
806,99968881,8221679,5,SKIP,Không tồn tại User 8221679
807,99968881,19404274,5,SUCCESS,
808,99968881,730755,5,SUCCESS,
809,274960088,30382045,5,SUCCESS,
810,274960088,16538861,5,SKIP,Không tồn tại User 16538861
811,274960088,11354719,5,SUCCESS,
812,273395259,22456904,5,SKIP,Không tồn tại User 22456904
813,273395259,30382045,5,SUCCESS,
814,273395259,30382045,5,SKIP,User đã rating Product này
815,273395259,8168253,5,SUCCESS,
816,273395259,16538861,5,SKIP,Không tồn tại User 16538861
817,273395259,22456904,5,SKIP,Không tồn tại User 22456904
818,273395259,22456904,5,SKIP,Không tồn tại User 22456904
819,273395259,22456904,5,SKIP,Không tồn tại User 22456904
820,273395259,22456904,5,SKIP,Không tồn tại User 22456904
821,273395259,22456904,5,SKIP,Không tồn tại User 22456904
822,99958075,29946042,5,SUCCESS,
823,99958075,23942904,3,SKIP,Không tồn tại User 23942904
824,99958075,21239515,5,SUCCESS,
825,99958075,21239515,5,SKIP,User đã rating Product này
826,99958075,21239515,5,SKIP,User đã rating Product này
827,99958075,22695070,5,SUCCESS,
828,99958075,7571630,5,SUCCESS,
829,99958075,1470647,5,SUCCESS,
830,99958075,15743825,5,SUCCESS,
831,99958075,21836059,5,SUCCESS,
832,98675410,29903416,5,SUCCESS,
833,98675410,2171010,5,SUCCESS,
834,98675410,19048964,5,SKIP,Không tồn tại User 19048964
835,98675410,19048964,5,SKIP,Không tồn tại User 19048964
836,98675410,19048964,5,SKIP,Không tồn tại User 19048964
837,98675410,19048964,5,SKIP,Không tồn tại User 19048964
838,98675410,782963,5,SKIP,Không tồn tại User 782963
839,98675410,23943724,5,SKIP,Không tồn tại User 23943724
840,98675410,18411298,5,SUCCESS,
841,98675410,6115949,5,SKIP,Không tồn tại User 6115949
842,95052893,22099046,2,SKIP,Không tồn tại User 22099046
843,95052893,30150146,5,SKIP,Không tồn tại User 30150146
844,95052893,11240197,5,SUCCESS,
845,95052893,14354705,5,SKIP,Không tồn tại User 14354705
846,95052893,17273811,1,SUCCESS,
847,95052893,30231025,5,SKIP,Không tồn tại User 30231025
848,95052893,30231025,5,SKIP,Không tồn tại User 30231025
849,95052893,1441758,5,SKIP,Không tồn tại User 1441758
850,95052893,1441758,5,SKIP,Không tồn tại User 1441758
851,95052893,11670002,1,SKIP,Không tồn tại User 11670002
852,195305781,7001136,5,SUCCESS,
853,195305781,20782223,5,SUCCESS,
854,107801368,12830427,5,SUCCESS,
855,107801368,12830427,5,SKIP,User đã rating Product này
856,107801368,17212735,4,SUCCESS,
857,107801368,18694205,1,SUCCESS,
858,107801368,19228710,5,SUCCESS,
859,107801368,15129645,1,SKIP,Không tồn tại User 15129645
860,107801368,584282,1,SKIP,Không tồn tại User 584282
861,107801368,8112125,5,SUCCESS,
862,107801368,19228710,5,SKIP,User đã rating Product này
863,107801368,1237090,5,SUCCESS,
864,766420,29938125,5,SKIP,Không tồn tại User 29938125
865,766420,15067217,5,SUCCESS,
866,766420,15063215,5,SKIP,Không tồn tại User 15063215
867,174017097,9663588,5,SKIP,Không tồn tại User 9663588
868,174017097,12362440,5,SKIP,Không tồn tại User 12362440
869,174017097,18454859,5,SKIP,Không tồn tại User 18454859
870,174017097,17348049,5,SUCCESS,
871,174017097,9921176,5,SKIP,Không tồn tại User 9921176
872,174017097,9921176,5,SKIP,Không tồn tại User 9921176
873,67538621,17620477,4,SUCCESS,
874,67538621,8168253,5,SUCCESS,
875,67538621,19549419,5,SKIP,Không tồn tại User 19549419
876,67538621,10627124,5,SKIP,Không tồn tại User 10627124
877,67538621,7086028,5,SUCCESS,
878,67538621,26315060,5,SKIP,Không tồn tại User 26315060
879,67538621,13828991,5,SUCCESS,
880,67538621,7057010,3,SKIP,Không tồn tại User 7057010
881,67538621,14360319,5,SKIP,Không tồn tại User 14360319
882,67538621,2135953,2,SUCCESS,
883,14614541,30682583,5,SUCCESS,
884,14614541,18433588,5,SKIP,Không tồn tại User 18433588
