row,product_id,product_variant_id,status,reason
1,197675716,197675717,SUCCESS,
2,196033255,196033271,SUCCESS,
3,196033255,196033306,SUCCESS,
4,196033255,196033285,SUCCESS,
5,196033255,196033263,SUCCESS,
6,196033255,196033288,SUCCESS,
7,196033255,196033300,SUCCESS,
8,196033255,196033256,SUCCESS,
9,196033255,196033260,SUCCESS,
10,196033255,196033283,SUCCESS,
11,196033255,196033265,SUCCESS,
12,196033255,196033278,SUCCESS,
13,196033255,196033269,SUCCESS,
14,196033255,196033297,SUCCESS,
15,196033255,196033292,SUCCESS,
16,196033255,196033304,SUCCESS,
17,196033255,196033290,SUCCESS,
18,196033255,196033294,SUCCESS,
19,196033255,196033258,SUCCESS,
20,196033255,196033273,SUCCESS,
21,196033255,196033267,SUCCESS,
22,190129715,190129718,SUCCESS,
23,190129715,190129724,SUCCESS,
24,190129715,190129730,SUCCESS,
25,190129715,190129728,SUCCESS,
26,190129715,190129726,SUCCESS,
27,190129715,190129720,SUCCESS,
28,190129715,190129722,SUCCESS,
29,190129715,190129716,SUCCESS,
30,181566777,181566814,SUCCESS,
31,181566777,181566812,SUCCESS,
32,181566777,181566816,SUCCESS,
33,181566777,181566810,SUCCESS,
34,134757633,134757664,SUCCESS,
35,134757633,134757648,SUCCESS,
36,134757633,134757640,SUCCESS,
37,134757633,134757644,SUCCESS,
38,134757633,134757658,SUCCESS,
39,134757633,134757634,SUCCESS,
40,112099693,112099712,SUCCESS,
41,112099693,112099710,SUCCESS,
42,112099693,112099708,SUCCESS,
43,112099693,112099706,SUCCESS,
44,112099693,112099698,SUCCESS,
45,177274778,177274793,SUCCESS,
46,177274778,177274785,SUCCESS,
47,177274778,177274789,SUCCESS,
48,177274778,177274791,SUCCESS,
49,177274778,177274783,SUCCESS,
50,177274778,177274779,SUCCESS,
51,177274778,177274787,SUCCESS,
52,177274778,177274781,SUCCESS,
53,134750203,134750218,SUCCESS,
54,134750203,134750210,SKIP,"Cloudinary/System: (1406, ""Data too long for column 'color' at row 1"")"
55,134750203,134750234,SUCCESS,
56,134750203,134750226,SUCCESS,
57,134750203,134750220,SUCCESS,
58,134750203,134750206,SKIP,"Cloudinary/System: (1406, ""Data too long for column 'color' at row 1"")"
59,134750203,134750232,SUCCESS,
60,134750203,134750228,SUCCESS,
61,134750203,134750230,SUCCESS,
62,134702556,134702571,SUCCESS,
63,134702556,134702595,SUCCESS,
64,134702556,134702587,SUCCESS,
65,134702556,134702563,SUCCESS,
66,134702556,134702581,SUCCESS,
67,134702556,134702585,SUCCESS,
68,134702556,134702579,SUCCESS,
69,134702556,134702583,SUCCESS,
70,134702556,134702589,SUCCESS,
71,134702556,134702593,SUCCESS,
72,134702556,134702591,SUCCESS,
73,111477677,111477694,SUCCESS,
74,111477677,111477705,SUCCESS,
75,111477677,111477696,SUCCESS,
76,111477677,111477684,SUCCESS,
77,111477677,111477682,SUCCESS,
78,111477677,111477680,SUCCESS,
79,111477677,111477701,SUCCESS,
80,191474727,191474730,SUCCESS,
81,191474727,191474732,SUCCESS,
82,191474727,191474728,SUCCESS,
83,135075286,135075303,SUCCESS,
84,135075286,135075301,SUCCESS,
85,135075286,135075307,SUCCESS,
86,135075286,135075309,SUCCESS,
87,135075286,135075305,SUCCESS,
88,135075286,135075291,SUCCESS,
89,135075286,135075289,SUCCESS,
90,135075286,135075299,SUCCESS,
91,135075286,135075287,SUCCESS,
92,177275239,177275246,SUCCESS,
93,177275239,177275240,SUCCESS,
94,177275239,177275242,SUCCESS,
95,177275239,177275244,SUCCESS,
96,71949394,71949397,SUCCESS,
97,181136946,181136947,SUCCESS,
98,168994241,168994246,SUCCESS,
99,168994241,168994248,SUCCESS,
100,168994241,168994242,SUCCESS,
101,178316423,178316426,SUCCESS,
102,178316423,178316436,SUCCESS,
103,178316423,178316434,SUCCESS,
104,178316423,178316424,SUCCESS,
105,178316423,178316432,SUCCESS,
106,178316423,178316438,SUCCESS,
107,178316423,178316430,SUCCESS,
108,178316423,178316428,SUCCESS,
109,135057302,135057305,SUCCESS,
110,135057302,135057303,SUCCESS,
111,135057302,135057319,SUCCESS,
112,135057302,135057313,SUCCESS,
113,135057302,135057311,SUCCESS,
114,135057302,135057309,SUCCESS,
115,135057302,135057315,SUCCESS,
116,135057302,135057317,SUCCESS,
117,134656633,191419811,SUCCESS,
118,134656633,191419815,SUCCESS,
119,134656633,191419813,SUCCESS,
120,134656633,134656640,SUCCESS,
121,134656633,134656646,SUCCESS,
122,134656633,134656636,SUCCESS,
123,134656633,134656648,SUCCESS,
124,134656633,134656650,SUCCESS,
125,134656633,134656642,SUCCESS,
126,134656633,134656638,SUCCESS,
127,134656633,134656634,SUCCESS,
128,134656633,134656644,SUCCESS,
129,189648166,189648167,SUCCESS,
130,189527267,189527325,SUCCESS,
131,189527267,189527309,SUCCESS,
132,189527267,189527289,SUCCESS,
133,189527267,189527305,SUCCESS,
134,189527267,189527321,SUCCESS,
135,189527267,189527317,SUCCESS,
136,189527267,189527301,SUCCESS,
137,189527267,189527323,SUCCESS,
138,189527267,189527283,SUCCESS,
139,189527267,189527273,SUCCESS,
140,189527267,189527277,SUCCESS,
141,189527267,189527297,SUCCESS,
142,187315703,187315718,SUCCESS,
143,187315703,187315708,SUCCESS,
144,187315703,187315710,SUCCESS,
145,187315703,187315728,SUCCESS,
146,187315703,187315738,SUCCESS,
147,187315703,187315712,SUCCESS,
148,187315703,187315730,SUCCESS,
149,187315703,187315722,SUCCESS,
150,187315703,187315726,SUCCESS,
151,187315703,187315720,SUCCESS,
152,187315703,187315732,SUCCESS,
153,187315703,187315742,SUCCESS,
154,187315703,187315706,SUCCESS,
155,187315703,187315751,SUCCESS,
156,187315703,187315755,SUCCESS,
157,187315703,187315753,SUCCESS,
158,187315703,187315747,SUCCESS,
159,187315703,187315716,SUCCESS,
160,187315703,187315736,SUCCESS,
161,187315703,187315740,SUCCESS,
162,187278904,187278919,SUCCESS,
163,187278904,187278917,SUCCESS,
164,187278904,187278907,SUCCESS,
165,187278904,187278905,SUCCESS,
166,146635373,205169509,SUCCESS,
167,146635373,205169517,SUCCESS,
168,146635373,146635425,SUCCESS,
169,46060134,46060155,SUCCESS,
170,46060134,46060147,SUCCESS,
171,46060134,46060139,SUCCESS,
172,46060134,46060149,SUCCESS,
173,46060134,46060137,SUCCESS,
174,46060134,46060145,SUCCESS,
175,46060134,46060153,SUCCESS,
176,42560688,42560691,SUCCESS,
177,42560688,42560703,SUCCESS,
178,42560688,42560689,SUCCESS,
179,42560688,42560701,SUCCESS,
180,42560688,42560695,SUCCESS,
181,42560688,42560699,SUCCESS,
182,42560688,42560693,SUCCESS,
183,42560688,42560697,SUCCESS,
184,40885424,40885445,SUCCESS,
185,40885424,40885439,SUCCESS,
186,40885424,40885443,SUCCESS,
187,40885424,40885441,SUCCESS,
188,40885424,40885447,SUCCESS,
189,40885424,40885437,SUCCESS,
190,40885424,40885429,SUCCESS,
191,40885424,40885431,SUCCESS,
192,40885424,40885425,SUCCESS,
193,40885424,40885433,SUCCESS,
194,40885424,40885427,SUCCESS,
195,40885424,40885435,SUCCESS,
196,37975688,37975695,SUCCESS,
197,37975688,37975691,SUCCESS,
198,37975688,37975693,SUCCESS,
199,37975688,37975689,SUCCESS,
200,34592981,34592982,SUCCESS,
201,34592981,34592986,SUCCESS,
202,34592981,34592984,SUCCESS,
203,34592981,34592988,SUCCESS,
204,29941760,57606335,SUCCESS,
205,29941760,57606333,SUCCESS,
206,15778666,59050152,SUCCESS,
207,14837830,14837831,SUCCESS,
208,14837830,14837833,SUCCESS,
209,14837830,14837835,SUCCESS,
210,276329236,276329239,SUCCESS,
211,160264804,160264811,SUCCESS,
212,160264804,160264813,SUCCESS,
213,160264804,160264805,SUCCESS,
214,160264804,160264809,SUCCESS,
215,160264804,160264807,SUCCESS,
216,90642209,90642231,SUCCESS,
217,90642209,90642220,SUCCESS,
218,90642209,90642223,SUCCESS,
219,90642209,90642226,SUCCESS,
220,90642209,90642218,SUCCESS,
221,18005285,18005298,SUCCESS,
222,18005285,18005300,SUCCESS,
223,18005285,18005294,SUCCESS,
224,18005285,18005290,SUCCESS,
225,18005285,18005286,SUCCESS,
226,18005285,18005292,SUCCESS,
227,18005285,18005288,SUCCESS,
228,18005285,18005296,SUCCESS,
229,121412391,121412396,SUCCESS,
230,121412391,121412392,SUCCESS,
231,121412391,121412394,SUCCESS,
232,24882095,24882096,SUCCESS,
233,24882095,24882102,SUCCESS,
234,24882095,24882098,SUCCESS,
235,24882095,24882100,SUCCESS,
236,21264406,21264447,SUCCESS,
237,21264406,21264457,SUCCESS,
238,21264406,21264467,SUCCESS,
239,21264406,21264465,SUCCESS,
240,21264406,21264455,SUCCESS,
241,21264406,21264409,SUCCESS,
242,21264406,21264449,SUCCESS,
243,21264406,21264461,SUCCESS,
244,21264406,21264451,SUCCESS,
245,21264406,21264453,SUCCESS,
246,21264406,21264469,SUCCESS,
247,21264406,21264459,SUCCESS,
248,21264406,21264463,SUCCESS,
249,179237389,179237394,SUCCESS,
250,179237389,179237398,SUCCESS,
251,179237389,179237400,SUCCESS,
252,179237389,179237396,SUCCESS,
253,179237389,179237392,SUCCESS,
254,68200548,68200550,SUCCESS,
255,68200548,68200553,SUCCESS,
256,68200548,68200557,SUCCESS,
257,68200548,68200562,SUCCESS,
258,68200548,68200567,SUCCESS,
259,68200548,68200564,SUCCESS,
260,68200548,68200569,SUCCESS,
261,68200548,68200573,SUCCESS,
262,68200548,68200575,SUCCESS,
263,68200548,68200590,SUCCESS,
264,68200548,68200594,SUCCESS,
265,68200548,68200599,SUCCESS,
266,68200548,193512956,SUCCESS,
267,68200548,193512958,SUCCESS,
268,68200548,193512960,SUCCESS,
269,68200548,193512962,SUCCESS,
270,68202834,193289503,SUCCESS,
271,68202834,193289502,SUCCESS,
272,68202834,68202885,SUCCESS,
273,68202834,68202895,SUCCESS,
274,68202834,193289496,SUCCESS,
275,68202834,68202875,SUCCESS,
276,68202834,193289494,SUCCESS,
277,68202834,68202900,SUCCESS,
278,68202834,193289495,SUCCESS,
279,68202834,193289492,SUCCESS,
280,68202834,68202881,SUCCESS,
281,68202834,68202879,SUCCESS,
282,68202834,68202893,SUCCESS,
283,68202834,68202888,SUCCESS,
284,68202834,193289505,SUCCESS,
285,68202834,68202891,SUCCESS,
286,68202834,68202835,SUCCESS,
287,68202834,193289500,SUCCESS,
288,68202834,68202839,SUCCESS,
289,68202834,68202903,SUCCESS,
290,42899542,42899543,SUCCESS,
291,42899542,42899549,SUCCESS,
292,42899542,42899551,SUCCESS,
293,42899542,42899556,SUCCESS,
294,42899542,42899559,SUCCESS,
295,42899542,42899564,SUCCESS,
296,42899542,42899566,SUCCESS,
297,42899542,42899570,SUCCESS,
298,42899542,42899576,SUCCESS,
299,42899542,68355769,SUCCESS,
300,42899542,68355774,SUCCESS,
301,42899542,68355777,SUCCESS,
302,43333663,43333666,SUCCESS,
303,43333663,43333664,SUCCESS,
304,43333663,43333676,SUCCESS,
305,43333663,43333678,SUCCESS,
306,43333663,43333674,SUCCESS,
307,43333663,43333680,SUCCESS,
308,43333663,43333672,SUCCESS,
309,43333663,43333668,SUCCESS,
310,43333663,43333670,SUCCESS,
311,43333663,68356200,SUCCESS,
312,251773296,251773297,SUCCESS,
313,251773296,251773299,SUCCESS,
314,251773296,251773301,SUCCESS,
315,251773296,251773303,SUCCESS,
316,251773296,251773305,SUCCESS,
317,251773296,251773307,SUCCESS,
318,251773296,251773309,SUCCESS,
319,251773296,251773311,SUCCESS,
320,251773296,251773313,SUCCESS,
321,251773296,251773315,SUCCESS,
322,251773296,251773317,SUCCESS,
323,251773296,251773319,SUCCESS,
324,193504415,193504416,SKIP,"Cloudinary/System: (1406, ""Data too long for column 'color' at row 1"")"
325,193504415,193504420,SKIP,"Cloudinary/System: (1406, ""Data too long for column 'color' at row 1"")"
326,193504415,193504422,SKIP,"Cloudinary/System: (1406, ""Data too long for column 'color' at row 1"")"
327,193504415,193504424,SKIP,"Cloudinary/System: (1406, ""Data too long for column 'color' at row 1"")"
328,193504415,193504430,SKIP,"Cloudinary/System: (1406, ""Data too long for column 'color' at row 1"")"
329,193504415,193504435,SUCCESS,
330,193504415,193504433,SKIP,"Cloudinary/System: (1406, ""Data too long for column 'color' at row 1"")"
331,193504415,193504439,SUCCESS,
332,193504415,193504441,SUCCESS,
333,193492866,193492867,SUCCESS,
334,193492866,193492871,SUCCESS,
335,193492866,193492875,SUCCESS,
336,193492866,193492879,SUCCESS,
337,193492866,193492883,SUCCESS,
338,193492866,193492885,SUCCESS,
339,193492866,193492887,SUCCESS,
340,193492866,193492891,SUCCESS,
341,193492866,193492893,SUCCESS,
342,176251118,176417798,SUCCESS,
343,176251118,176417790,SUCCESS,
344,176251118,176417780,SUCCESS,
345,176251118,176417788,SUCCESS,
346,176251118,251275656,SUCCESS,
347,176251118,251275659,SUCCESS,
348,176251118,251275658,SUCCESS,
349,176251118,251275662,SUCCESS,
350,176250783,176250797,SUCCESS,
351,176250783,176250799,SUCCESS,
352,176250783,176250786,SUCCESS,
353,176250783,176250812,SUCCESS,
354,176250783,176250814,SUCCESS,
355,176250783,176250816,SUCCESS,
356,176250783,176420307,SUCCESS,
357,176250783,176420303,SUCCESS,
358,176250783,251275937,SUCCESS,
359,176250783,251275943,SUCCESS,
360,176250783,251275938,SUCCESS,
361,176250783,251275941,SUCCESS,
362,103076103,103076104,SUCCESS,
363,103076103,103076110,SUCCESS,
364,103076103,103076106,SUCCESS,
365,103076103,103076108,SUCCESS,
366,87981660,87981791,SUCCESS,
367,87981660,87981808,SUCCESS,
368,87981660,87981806,SUCCESS,
369,68202834,193289503,SKIP,product_variant_id đã tồn tại
370,68202834,193289502,SKIP,product_variant_id đã tồn tại
371,68202834,68202885,SKIP,product_variant_id đã tồn tại
372,68202834,68202895,SKIP,product_variant_id đã tồn tại
373,68202834,193289496,SKIP,product_variant_id đã tồn tại
374,68202834,68202875,SKIP,product_variant_id đã tồn tại
375,68202834,193289494,SKIP,product_variant_id đã tồn tại
376,68202834,68202900,SKIP,product_variant_id đã tồn tại
377,68202834,193289495,SKIP,product_variant_id đã tồn tại
378,68202834,193289492,SKIP,product_variant_id đã tồn tại
379,68202834,68202881,SKIP,product_variant_id đã tồn tại
380,68202834,68202879,SKIP,product_variant_id đã tồn tại
381,68202834,68202893,SKIP,product_variant_id đã tồn tại
382,68202834,68202888,SKIP,product_variant_id đã tồn tại
383,68202834,193289505,SKIP,product_variant_id đã tồn tại
384,68202834,68202891,SKIP,product_variant_id đã tồn tại
385,68202834,68202835,SKIP,product_variant_id đã tồn tại
386,68202834,193289500,SKIP,product_variant_id đã tồn tại
387,68202834,68202839,SKIP,product_variant_id đã tồn tại
388,68202834,68202903,SKIP,product_variant_id đã tồn tại
389,68200548,68200550,SKIP,product_variant_id đã tồn tại
390,68200548,68200553,SKIP,product_variant_id đã tồn tại
391,68200548,68200557,SKIP,product_variant_id đã tồn tại
392,68200548,68200562,SKIP,product_variant_id đã tồn tại
393,68200548,68200567,SKIP,product_variant_id đã tồn tại
394,68200548,68200564,SKIP,product_variant_id đã tồn tại
395,68200548,68200569,SKIP,product_variant_id đã tồn tại
396,68200548,68200573,SKIP,product_variant_id đã tồn tại
397,68200548,68200575,SKIP,product_variant_id đã tồn tại
398,68200548,68200590,SKIP,product_variant_id đã tồn tại
399,68200548,68200594,SKIP,product_variant_id đã tồn tại
400,68200548,68200599,SKIP,product_variant_id đã tồn tại
401,68200548,193512956,SKIP,product_variant_id đã tồn tại
402,68200548,193512958,SKIP,product_variant_id đã tồn tại
403,68200548,193512960,SKIP,product_variant_id đã tồn tại
404,68200548,193512962,SKIP,product_variant_id đã tồn tại
405,43333663,43333666,SKIP,product_variant_id đã tồn tại
406,43333663,43333664,SKIP,product_variant_id đã tồn tại
407,43333663,43333676,SKIP,product_variant_id đã tồn tại
408,43333663,43333678,SKIP,product_variant_id đã tồn tại
409,43333663,43333674,SKIP,product_variant_id đã tồn tại
410,43333663,43333680,SKIP,product_variant_id đã tồn tại
411,43333663,43333672,SKIP,product_variant_id đã tồn tại
412,43333663,43333668,SKIP,product_variant_id đã tồn tại
413,43333663,43333670,SKIP,product_variant_id đã tồn tại
414,43333663,68356200,SKIP,product_variant_id đã tồn tại
415,42899542,42899543,SKIP,product_variant_id đã tồn tại
416,42899542,42899549,SKIP,product_variant_id đã tồn tại
417,42899542,42899551,SKIP,product_variant_id đã tồn tại
418,42899542,42899556,SKIP,product_variant_id đã tồn tại
419,42899542,42899559,SKIP,product_variant_id đã tồn tại
420,42899542,42899564,SKIP,product_variant_id đã tồn tại
421,42899542,42899566,SKIP,product_variant_id đã tồn tại
422,42899542,42899570,SKIP,product_variant_id đã tồn tại
423,42899542,42899576,SKIP,product_variant_id đã tồn tại
424,42899542,68355769,SKIP,product_variant_id đã tồn tại
425,42899542,68355774,SKIP,product_variant_id đã tồn tại
426,42899542,68355777,SKIP,product_variant_id đã tồn tại
427,42899542,42899543,SKIP,product_variant_id đã tồn tại
428,42899542,42899549,SKIP,product_variant_id đã tồn tại
429,42899542,42899551,SKIP,product_variant_id đã tồn tại
430,42899542,42899556,SKIP,product_variant_id đã tồn tại
431,42899542,42899559,SKIP,product_variant_id đã tồn tại
432,42899542,42899564,SKIP,product_variant_id đã tồn tại
433,42899542,42899566,SKIP,product_variant_id đã tồn tại
434,42899542,42899570,SKIP,product_variant_id đã tồn tại
435,42899542,42899576,SKIP,product_variant_id đã tồn tại
436,42899542,68355769,SKIP,product_variant_id đã tồn tại
437,42899542,68355774,SKIP,product_variant_id đã tồn tại
438,42899542,68355777,SKIP,product_variant_id đã tồn tại
439,43333663,43333666,SKIP,product_variant_id đã tồn tại
440,43333663,43333664,SKIP,product_variant_id đã tồn tại
441,43333663,43333676,SKIP,product_variant_id đã tồn tại
442,43333663,43333678,SKIP,product_variant_id đã tồn tại
443,43333663,43333674,SKIP,product_variant_id đã tồn tại
444,43333663,43333680,SKIP,product_variant_id đã tồn tại
445,43333663,43333672,SKIP,product_variant_id đã tồn tại
446,43333663,43333668,SKIP,product_variant_id đã tồn tại
447,43333663,43333670,SKIP,product_variant_id đã tồn tại
448,43333663,68356200,SKIP,product_variant_id đã tồn tại
449,68200548,68200550,SKIP,product_variant_id đã tồn tại
450,68200548,68200553,SKIP,product_variant_id đã tồn tại
451,68200548,68200557,SKIP,product_variant_id đã tồn tại
452,68200548,68200562,SKIP,product_variant_id đã tồn tại
453,68200548,68200567,SKIP,product_variant_id đã tồn tại
454,68200548,68200564,SKIP,product_variant_id đã tồn tại
455,68200548,68200569,SKIP,product_variant_id đã tồn tại
456,68200548,68200573,SKIP,product_variant_id đã tồn tại
457,68200548,68200575,SKIP,product_variant_id đã tồn tại
458,68200548,68200590,SKIP,product_variant_id đã tồn tại
459,68200548,68200594,SKIP,product_variant_id đã tồn tại
460,68200548,68200599,SKIP,product_variant_id đã tồn tại
461,68200548,193512956,SKIP,product_variant_id đã tồn tại
462,68200548,193512958,SKIP,product_variant_id đã tồn tại
463,68200548,193512960,SKIP,product_variant_id đã tồn tại
464,68200548,193512962,SKIP,product_variant_id đã tồn tại
465,68202834,193289503,SKIP,product_variant_id đã tồn tại
466,68202834,193289502,SKIP,product_variant_id đã tồn tại
467,68202834,68202885,SKIP,product_variant_id đã tồn tại
468,68202834,68202895,SKIP,product_variant_id đã tồn tại
469,68202834,193289496,SKIP,product_variant_id đã tồn tại
470,68202834,68202875,SKIP,product_variant_id đã tồn tại
471,68202834,193289494,SKIP,product_variant_id đã tồn tại
472,68202834,68202900,SKIP,product_variant_id đã tồn tại
473,68202834,193289495,SKIP,product_variant_id đã tồn tại
474,68202834,193289492,SKIP,product_variant_id đã tồn tại
475,68202834,68202881,SKIP,product_variant_id đã tồn tại
476,68202834,68202879,SKIP,product_variant_id đã tồn tại
477,68202834,68202893,SKIP,product_variant_id đã tồn tại
478,68202834,68202888,SKIP,product_variant_id đã tồn tại
479,68202834,193289505,SKIP,product_variant_id đã tồn tại
480,68202834,68202891,SKIP,product_variant_id đã tồn tại
481,68202834,68202835,SKIP,product_variant_id đã tồn tại
482,68202834,193289500,SKIP,product_variant_id đã tồn tại
483,68202834,68202839,SKIP,product_variant_id đã tồn tại
484,68202834,68202903,SKIP,product_variant_id đã tồn tại
485,110938120,110938136,SUCCESS,
486,110938120,110938134,SUCCESS,
487,110938120,110938132,SUCCESS,
488,110938120,110938140,SUCCESS,
489,110938120,110938138,SUCCESS,
490,110938120,110938121,SUCCESS,
491,277880869,277880881,SUCCESS,
492,277880869,277880899,SUCCESS,
493,277880869,277880874,SUCCESS,
494,277880869,278255311,SUCCESS,
495,277880869,277880904,SUCCESS,
496,277880869,277880878,SUCCESS,
497,277880869,277880890,SUCCESS,
498,277880869,278255313,SUCCESS,
499,277880869,277880888,SUCCESS,
500,277880869,277880902,SUCCESS,
501,277880869,277880884,SUCCESS,
502,277880869,277880876,SUCCESS,
503,277880869,277880886,SUCCESS,
504,277880869,277880871,SUCCESS,
505,277880869,278255309,SUCCESS,
506,277880869,277880881,SKIP,product_variant_id đã tồn tại
507,277880869,277880899,SKIP,product_variant_id đã tồn tại
508,277880869,277880874,SKIP,product_variant_id đã tồn tại
509,277880869,278255311,SKIP,product_variant_id đã tồn tại
510,277880869,277880904,SKIP,product_variant_id đã tồn tại
511,277880869,277880878,SKIP,product_variant_id đã tồn tại
512,277880869,277880890,SKIP,product_variant_id đã tồn tại
513,277880869,278255313,SKIP,product_variant_id đã tồn tại
514,277880869,277880888,SKIP,product_variant_id đã tồn tại
515,277880869,277880902,SKIP,product_variant_id đã tồn tại
516,277880869,277880884,SKIP,product_variant_id đã tồn tại
517,277880869,277880876,SKIP,product_variant_id đã tồn tại
518,277880869,277880886,SKIP,product_variant_id đã tồn tại
519,277880869,277880871,SKIP,product_variant_id đã tồn tại
520,277880869,278255309,SKIP,product_variant_id đã tồn tại
521,84709814,84709827,SUCCESS,
522,84709814,272425591,SUCCESS,
523,84709814,272425585,SUCCESS,
524,84709814,272425593,SUCCESS,
525,84709814,272425583,SUCCESS,
526,84709814,84709829,SUCCESS,
527,84709814,272425589,SUCCESS,
528,84709814,272425587,SUCCESS,
529,84709814,84709831,SUCCESS,
530,16155074,16155077,SUCCESS,
531,16155074,16155098,SUCCESS,
532,16155074,16155104,SUCCESS,
533,277880869,277880881,SKIP,product_variant_id đã tồn tại
534,277880869,277880899,SKIP,product_variant_id đã tồn tại
535,277880869,277880874,SKIP,product_variant_id đã tồn tại
536,277880869,278255311,SKIP,product_variant_id đã tồn tại
537,277880869,277880904,SKIP,product_variant_id đã tồn tại
538,277880869,277880878,SKIP,product_variant_id đã tồn tại
539,277880869,277880890,SKIP,product_variant_id đã tồn tại
540,277880869,278255313,SKIP,product_variant_id đã tồn tại
541,277880869,277880888,SKIP,product_variant_id đã tồn tại
542,277880869,277880902,SKIP,product_variant_id đã tồn tại
543,277880869,277880884,SKIP,product_variant_id đã tồn tại
544,277880869,277880876,SKIP,product_variant_id đã tồn tại
545,277880869,277880886,SKIP,product_variant_id đã tồn tại
546,277880869,277880871,SKIP,product_variant_id đã tồn tại
547,277880869,278255309,SKIP,product_variant_id đã tồn tại
548,273369075,273369089,SUCCESS,
549,273369075,273369077,SUCCESS,
550,273369075,273369087,SUCCESS,
551,273369075,273369085,SUCCESS,
552,273369075,273369083,SUCCESS,
553,273369075,273369081,SUCCESS,
554,273369075,273369079,SUCCESS,
555,273369075,273369076,SUCCESS,
556,117888812,174279439,SUCCESS,
557,117888812,173173834,SUCCESS,
558,43842296,5982257,SUCCESS,
559,43842296,5980769,SUCCESS,
560,43842296,54415645,SUCCESS,
561,43842296,54415647,SUCCESS,
562,43842296,54415639,SUCCESS,
563,43842296,54415643,SUCCESS,
564,43842296,54415641,SUCCESS,
565,43842296,5981541,SUCCESS,
566,174379620,174379674,SUCCESS,
567,174379620,174379669,SUCCESS,
568,174379620,174379659,SUCCESS,
569,174379620,174379649,SUCCESS,
570,174379620,174379641,SUCCESS,
571,174379620,174379631,SUCCESS,
572,105104463,105104480,SUCCESS,
573,5981171,5981173,SUCCESS,
574,174379594,174379618,SUCCESS,
575,174379594,174379603,SUCCESS,
576,174379594,174379599,SUCCESS,
577,174379594,174379613,SUCCESS,
578,174379594,174379627,SUCCESS,
579,174379594,174379608,SUCCESS,
580,174379567,174379579,SUCCESS,
581,174379567,174379571,SUCCESS,
582,174379567,174379587,SUCCESS,
583,174379567,174379575,SUCCESS,
584,174379567,174379589,SUCCESS,
585,174379567,174379583,SUCCESS,
586,48384550,48384555,SUCCESS,
587,107540897,107541202,SUCCESS,
588,107540897,107540941,SUCCESS,
589,107540897,107541076,SUCCESS,
590,107540897,107541134,SUCCESS,
591,107540897,107541339,SUCCESS,
592,107540897,107541404,SUCCESS,
593,107540897,107541272,SUCCESS,
594,107540897,107541011,SUCCESS,
595,105673810,105673813,SUCCESS,
596,105673810,105673819,SUCCESS,
597,105673810,105673815,SUCCESS,
598,105673810,105673817,SUCCESS,
599,105673810,105673811,SUCCESS,
600,61416569,61416574,SUCCESS,
601,61416569,61416572,SUCCESS,
602,61416569,61416570,SUCCESS,
603,52670135,52670137,SUCCESS,
604,42559483,42968923,SUCCESS,
605,42559483,42968933,SUCCESS,
606,42559483,42968929,SUCCESS,
607,42559483,42968927,SUCCESS,
608,42559483,42968937,SUCCESS,
609,42559483,42968925,SUCCESS,
610,42559483,42968931,SUCCESS,
611,42559483,42968921,SUCCESS,
612,42559483,42968935,SUCCESS,
613,52244246,52244261,SUCCESS,
614,52244246,52244269,SUCCESS,
615,52244246,52244249,SUCCESS,
616,52244246,52244251,SUCCESS,
617,52244246,52244255,SUCCESS,
618,52244246,52244253,SUCCESS,
619,52244246,52244257,SUCCESS,
620,52244246,52244265,SUCCESS,
621,52244246,52244263,SUCCESS,
622,52244246,52244267,SUCCESS,
623,52244246,52244247,SUCCESS,
624,52244246,52244259,SUCCESS,
625,47262003,47262022,SUCCESS,
626,47262003,47262024,SUCCESS,
627,201160879,201160884,SUCCESS,
628,201160879,201160880,SUCCESS,
629,201160879,201160886,SUCCESS,
630,201160879,201160882,SUCCESS,
631,201160788,201160805,SUCCESS,
632,201160788,201160801,SUCCESS,
633,201160788,201160791,SUCCESS,
634,201160788,201160799,SUCCESS,
635,201160788,201160809,SUCCESS,
636,201160788,201160797,SUCCESS,
637,201160788,201160789,SUCCESS,
638,201160788,201160793,SUCCESS,
639,201160788,201160807,SUCCESS,
640,146635392,146635550,SUCCESS,
641,146635392,158214540,SUCCESS,
642,146635392,146635501,SUCCESS,
643,146635392,146635597,SUCCESS,
644,136019920,136019921,SUCCESS,
645,136019920,136019923,SUCCESS,
646,136019920,136019925,SUCCESS,
647,136019920,136019927,SUCCESS,
648,14837844,14837851,SUCCESS,
649,14837844,14837853,SUCCESS,
650,14837844,14837849,SUCCESS,
651,14837844,14837845,SUCCESS,
652,14837844,14837855,SUCCESS,
653,14837844,14837847,SUCCESS,
654,194063281,194063283,SUCCESS,
655,194063281,194063285,SUCCESS,
656,194063281,194063282,SUCCESS,
657,194063281,194063287,SUCCESS,
658,106043930,106043931,SUCCESS,
659,106043930,106043933,SUCCESS,
660,106043930,106043935,SUCCESS,
661,106043930,106043937,SUCCESS,
662,42559444,42559555,SUCCESS,
663,42559444,42559536,SUCCESS,
664,14837927,14837932,SUCCESS,
665,14837927,14837930,SUCCESS,
666,14837927,14837942,SUCCESS,
667,14837927,14837934,SUCCESS,
668,14837927,14837938,SUCCESS,
669,14837927,14837928,SUCCESS,
670,14837927,14837940,SUCCESS,
671,14837927,14837936,SUCCESS,
672,185919189,185919190,SUCCESS,
673,185919189,185919200,SUCCESS,
674,185919189,185919202,SUCCESS,
675,185919189,185919198,SUCCESS,
676,185919189,185919194,SUCCESS,
677,185919189,185919204,SUCCESS,
678,185919189,185919192,SUCCESS,
679,185919189,185919196,SUCCESS,
680,57318339,57318342,SUCCESS,
681,57318339,57318348,SUCCESS,
682,57318339,242064070,SUCCESS,
683,57318339,57318354,SUCCESS,
684,57318339,242064072,SUCCESS,
685,57318339,57318352,SUCCESS,
686,57318339,57318350,SUCCESS,
687,56307223,56307226,SUCCESS,
688,42190578,42190579,SUCCESS,
689,42190578,42190581,SUCCESS,
690,42190578,42190587,SUCCESS,
691,42190578,42190585,SUCCESS,
692,42190578,42190583,SUCCESS,
693,42190578,42190593,SUCCESS,
694,42190578,42190589,SUCCESS,
695,42190578,42190591,SUCCESS,
696,276579860,276579863,SUCCESS,
697,276579860,276579891,SUCCESS,
698,276579860,276579895,SUCCESS,
699,276579860,276579897,SUCCESS,
700,276579860,276579893,SUCCESS,
701,276579860,276579887,SUCCESS,
702,276579860,276579883,SUCCESS,
703,276579860,276579881,SUCCESS,
704,276579860,276579873,SUCCESS,
705,276579860,276579877,SUCCESS,
706,276579860,276579869,SUCCESS,
707,276579860,276579879,SUCCESS,
708,276579860,276579889,SUCCESS,
709,276579860,276579885,SUCCESS,
710,276579860,276579875,SUCCESS,
711,276579860,276579865,SUCCESS,
712,276579860,276579861,SUCCESS,
713,276579860,276579867,SUCCESS,
714,276579860,276579871,SUCCESS,
715,276579860,276579899,SUCCESS,
716,249724558,249724563,SUCCESS,
717,249724558,249724559,SUCCESS,
718,249724558,249724569,SUCCESS,
719,249724558,249724561,SUCCESS,
720,249724558,249724567,SUCCESS,
721,249724558,249724565,SUCCESS,
722,249723132,249723144,SUCCESS,
723,249723132,249723133,SUCCESS,
724,249723132,249723135,SUCCESS,
725,193981069,193981074,SUCCESS,
726,193981069,193981080,SUCCESS,
727,193981069,193981072,SUCCESS,
728,193981069,193981070,SUCCESS,
729,193978418,193978429,SUCCESS,
730,193978418,193978433,SUCCESS,
731,193978418,193978431,SUCCESS,
732,157117410,157117415,SUCCESS,
733,157117410,157117417,SUCCESS,
734,112086654,112086663,SUCCESS,
735,112086654,112086675,SUCCESS,
736,112086654,112086677,SUCCESS,
737,112086654,112086673,SUCCESS,
738,112086654,112086659,SUCCESS,
739,112086654,112086667,SUCCESS,
740,112086654,112086661,SUCCESS,
741,112086654,112086671,SUCCESS,
742,112086654,112086669,SUCCESS,
743,102531428,102531485,SUCCESS,
744,102531428,102531442,SUCCESS,
745,102531428,277275350,SUCCESS,
746,102531428,102531431,SUCCESS,
747,102531428,102531440,SUCCESS,
748,102531428,102531461,SUCCESS,
749,102531428,102531448,SUCCESS,
750,102531428,102531474,SUCCESS,
751,102531428,277275358,SUCCESS,
752,102531428,277275356,SUCCESS,
753,102531428,277275354,SUCCESS,
754,102531428,102531444,SUCCESS,
755,102531428,102531453,SUCCESS,
756,102531428,102531429,SUCCESS,
757,102531428,277275360,SUCCESS,
758,102531428,102531487,SUCCESS,
759,102531428,102531472,SUCCESS,
760,102531428,102531478,SUCCESS,
761,102531428,102531468,SUCCESS,
762,102531428,102531457,SUCCESS,
763,102531428,102531455,SUCCESS,
764,102531428,277275362,SUCCESS,
765,102531428,102531436,SUCCESS,
766,102531428,102531465,SUCCESS,
767,102531428,102531446,SUCCESS,
768,102531428,102531480,SUCCESS,
769,102531428,277275364,SUCCESS,
770,102531428,277275352,SUCCESS,
771,102531428,102531434,SUCCESS,
772,102531428,102531450,SUCCESS,
773,102531428,102531482,SUCCESS,
774,102531428,102531476,SUCCESS,
775,102531428,102531459,SUCCESS,
776,102531428,102531470,SKIP,"Cloudinary/System: Unexpected error - ReadTimeoutError(""TCPKeepAliveHTTPSConnectionPool(host='api.cloudinary.com', port=443): Read timed out. (read timeout=30)"")"
777,102531428,102531438,SUCCESS,
778,102531428,102531463,SUCCESS,
779,276897852,276897855,SUCCESS,
780,276897852,276897859,SUCCESS,
781,276897852,276897853,SUCCESS,
782,276897852,276897857,SUCCESS,
783,111972654,111972667,SUCCESS,
784,111972654,111972669,SUCCESS,
785,111560211,111560214,SUCCESS,
786,42424755,72215938,SUCCESS,
787,42424755,42424756,SUCCESS,
788,42424755,42424760,SUCCESS,
789,42424755,42424758,SUCCESS,
790,42424755,42424762,SUCCESS,
791,276664685,276664686,SUCCESS,
792,276664685,276664706,SUCCESS,
793,276664685,276664690,SUCCESS,
794,276664685,276664694,SUCCESS,
795,276664685,276664698,SUCCESS,
796,276664685,276664702,SUCCESS,
797,276664685,276664692,SUCCESS,
798,276664685,276664704,SUCCESS,
799,276664685,276664708,SUCCESS,
800,276664685,276664696,SUCCESS,
801,276664685,276664700,SUCCESS,
802,262051471,264597836,SUCCESS,
803,262051471,264597812,SUCCESS,
804,262051471,264597830,SUCCESS,
805,262051471,264597808,SUCCESS,
806,262051471,264597804,SUCCESS,
807,262051471,264597818,SUCCESS,
808,262051471,264597796,SUCCESS,
809,262051471,264597828,SUCCESS,
810,262051471,264597832,SUCCESS,
811,262051471,264597834,SUCCESS,
812,262051471,264597798,SUCCESS,
813,262051471,264597800,SUCCESS,
814,262051471,264597840,SUCCESS,
815,262051471,264597816,SUCCESS,
816,262051471,264597802,SUCCESS,
817,262051471,264597814,SUCCESS,
818,174001966,174001975,SUCCESS,
819,4382605,4382615,SUCCESS,
820,193987820,193987828,SUCCESS,
821,173998725,173998734,SUCCESS,
822,110477285,110477288,SUCCESS,
823,110477285,110477290,SUCCESS,
824,276893937,276893940,SUCCESS,
825,276045003,276045018,SUCCESS,
826,276045003,276045010,SUCCESS,
827,276045003,276045006,SUCCESS,
828,276045003,276045016,SUCCESS,
829,272427125,272427132,SUCCESS,
830,272427125,272427126,SUCCESS,
831,272427125,272427130,SUCCESS,
832,272427125,272427128,SUCCESS,
833,70816541,70816544,SUCCESS,
834,70816541,70816548,SUCCESS,
835,70816541,70816542,SUCCESS,
836,42712220,42712221,SUCCESS,
837,20161951,20161952,SUCCESS,
838,278582518,278582519,SUCCESS,
839,207272740,207272773,SUCCESS,
840,207272740,207272777,SUCCESS,
841,186862750,186862753,SUCCESS,
842,186862750,186862755,SUCCESS,
843,186862750,186862757,SUCCESS,
844,186862750,186862751,SUCCESS,
845,186862750,186862759,SUCCESS,
846,173206437,173206440,SUCCESS,
847,173206437,173206444,SUCCESS,
848,173206437,173206438,SUCCESS,
849,173206437,173206442,SUCCESS,
850,169307799,169307808,SUCCESS,
851,169307799,169307824,SUCCESS,
852,169307799,169307800,SUCCESS,
853,169307799,169307806,SUCCESS,
854,169307799,169307804,SUCCESS,
855,169307799,169307802,SUCCESS,
856,169307799,169307827,SUCCESS,
857,169307799,169307819,SUCCESS,
858,169307799,169307830,SUCCESS,
859,169307799,169307813,SUCCESS,
860,162047969,162047972,SUCCESS,
861,162047969,162047974,SUCCESS,
862,162047969,162047970,SUCCESS,
863,162047969,162047976,SUCCESS,
864,161408734,161408741,SUCCESS,
865,161408734,161408739,SUCCESS,
866,161408734,161408737,SUCCESS,
867,161408734,161408735,SUCCESS,
868,150213680,150213689,SUCCESS,
869,150213680,275932273,SUCCESS,
870,150213680,150213687,SUCCESS,
871,150213680,275932271,SUCCESS,
872,150213680,150213685,SUCCESS,
873,150213680,150213681,SUCCESS,
874,150213680,150213683,SUCCESS,
875,53833594,53833603,SUCCESS,
876,76215849,76215850,SUCCESS,
877,76215849,76215866,SUCCESS,
878,76215849,76215862,SUCCESS,
879,76215849,76215868,SUCCESS,
880,186862741,186862744,SUCCESS,
881,186862741,186862746,SUCCESS,
882,186862741,186862742,SUCCESS,
883,119125984,275932337,SUCCESS,
884,119125984,275932339,SUCCESS,
885,54852797,54852804,SUCCESS,
886,54852797,54852802,SUCCESS,
887,54852797,54852798,SUCCESS,
888,54852797,54852800,SUCCESS,
889,154298071,154298079,SKIP,"Cloudinary/System: (1406, ""Data too long for column 'color' at row 1"")"
890,154298071,154298077,SKIP,"Cloudinary/System: (1406, ""Data too long for column 'color' at row 1"")"
891,154298071,154298075,SKIP,"Cloudinary/System: (1406, ""Data too long for column 'color' at row 1"")"
892,154298071,154298072,SKIP,"Cloudinary/System: (1406, ""Data too long for column 'color' at row 1"")"
893,154298071,189475413,SUCCESS,
894,154298071,189475414,SUCCESS,
895,154298071,189475418,SUCCESS,
896,154298071,189475412,SUCCESS,
897,154292862,189475063,SUCCESS,
898,154292862,154292863,SUCCESS,
899,154292862,154292865,SUCCESS,
900,154292862,154292867,SUCCESS,
901,154292862,154292871,SUCCESS,
902,154292862,154292869,SUCCESS,
903,154292862,154292873,SUCCESS,
904,154292862,154292875,SUCCESS,
905,154292862,154292877,SUCCESS,
906,154292862,189475059,SUCCESS,
907,154292862,189475060,SUCCESS,
908,154292862,189475065,SUCCESS,
909,99968881,99968980,SUCCESS,
910,99968881,99968952,SUCCESS,
911,99968881,99969005,SUCCESS,
912,99968881,99968906,SUCCESS,
913,274960088,274960099,SUCCESS,
914,274960088,274960103,SUCCESS,
915,274960088,274960109,SUCCESS,
916,274960088,274960101,SUCCESS,
917,274960088,274960095,SUCCESS,
918,274960088,274960113,SUCCESS,
919,274960088,274960111,SUCCESS,
920,274960088,274960121,SUCCESS,
921,274960088,274960091,SUCCESS,
922,274960088,274960107,SUCCESS,
923,274960088,274960123,SUCCESS,
924,274960088,274960119,SUCCESS,
925,273395259,273395308,SUCCESS,
926,273395259,273395286,SUCCESS,
927,273395259,273395276,SUCCESS,
928,273395259,273395282,SUCCESS,
929,273395259,273395268,SUCCESS,
930,273395259,273395306,SUCCESS,
931,273395259,273395316,SUCCESS,
932,273395259,273395300,SUCCESS,
933,273395259,273395270,SUCCESS,
934,273395259,273395292,SUCCESS,
935,273395259,273395290,SUCCESS,
936,273395259,273395266,SUCCESS,
937,154298071,154298079,SKIP,"Cloudinary/System: (1406, ""Data too long for column 'color' at row 1"")"
938,154298071,154298077,SKIP,"Cloudinary/System: (1406, ""Data too long for column 'color' at row 1"")"
939,154298071,154298075,SKIP,"Cloudinary/System: (1406, ""Data too long for column 'color' at row 1"")"
940,154298071,154298072,SKIP,"Cloudinary/System: (1406, ""Data too long for column 'color' at row 1"")"
941,154298071,189475413,SKIP,product_variant_id đã tồn tại
942,154298071,189475414,SKIP,product_variant_id đã tồn tại
943,154298071,189475418,SKIP,product_variant_id đã tồn tại
944,154298071,189475412,SKIP,product_variant_id đã tồn tại
945,154292862,189475063,SKIP,product_variant_id đã tồn tại
946,154292862,154292863,SKIP,product_variant_id đã tồn tại
947,154292862,154292865,SKIP,product_variant_id đã tồn tại
948,154292862,154292867,SKIP,product_variant_id đã tồn tại
949,154292862,154292871,SKIP,product_variant_id đã tồn tại
950,154292862,154292869,SKIP,product_variant_id đã tồn tại
951,154292862,154292873,SKIP,product_variant_id đã tồn tại
952,154292862,154292875,SKIP,product_variant_id đã tồn tại
953,154292862,154292877,SKIP,product_variant_id đã tồn tại
954,154292862,189475059,SKIP,product_variant_id đã tồn tại
955,154292862,189475060,SKIP,product_variant_id đã tồn tại
956,154292862,189475065,SKIP,product_variant_id đã tồn tại
957,99968881,99968980,SKIP,product_variant_id đã tồn tại
958,99968881,99968952,SKIP,product_variant_id đã tồn tại
959,99968881,99969005,SKIP,product_variant_id đã tồn tại
960,99968881,99968906,SKIP,product_variant_id đã tồn tại
961,99958075,99958292,SUCCESS,
962,99958075,99958190,SUCCESS,
963,99958075,99958238,SUCCESS,
964,99958075,99958210,SUCCESS,
965,99958075,99958316,SUCCESS,
966,99958075,99958169,SUCCESS,
967,99958075,99958117,SUCCESS,
968,99958075,99958267,SUCCESS,
969,99958075,195886199,SUCCESS,
970,99958075,195886193,SUCCESS,
971,99958075,195886197,SUCCESS,
972,99958075,195886195,SUCCESS,
973,98675410,98675439,SUCCESS,
974,98675410,98675415,SUCCESS,
975,98675410,98675437,SUCCESS,
976,98675410,98675421,SUCCESS,
977,98675410,98675423,SUCCESS,
978,98675410,98675413,SUCCESS,
979,98675410,98675429,SUCCESS,
980,98675410,98675435,SUCCESS,
981,95052893,95052894,SUCCESS,
982,95052893,95052922,SUCCESS,
983,95052893,95052896,SUCCESS,
984,95052893,95052910,SUCCESS,
985,95052893,95052898,SUCCESS,
986,95052893,95052918,SUCCESS,
987,95052893,203760063,SUCCESS,
988,95052893,95052914,SUCCESS,
989,95052893,95052900,SUCCESS,
990,95052893,95052906,SUCCESS,
991,95052893,95052904,SUCCESS,
992,95052893,95052912,SUCCESS,
993,95052893,95052916,SUCCESS,
994,95052893,95052908,SUCCESS,
995,95052893,95052920,SUCCESS,
996,95052893,95052902,SUCCESS,
997,95052893,95052924,SUCCESS,
998,95052893,203760061,SUCCESS,
999,95052893,203760065,SUCCESS,
1000,95052893,203760059,SUCCESS,
1001,154298071,154298079,SKIP,"Cloudinary/System: (1406, ""Data too long for column 'color' at row 1"")"
1002,154298071,154298077,SKIP,"Cloudinary/System: (1406, ""Data too long for column 'color' at row 1"")"
1003,154298071,154298075,SKIP,"Cloudinary/System: (1406, ""Data too long for column 'color' at row 1"")"
1004,154298071,154298072,SKIP,"Cloudinary/System: (1406, ""Data too long for column 'color' at row 1"")"
1005,154298071,189475413,SKIP,product_variant_id đã tồn tại
1006,154298071,189475414,SKIP,product_variant_id đã tồn tại
1007,154298071,189475418,SKIP,product_variant_id đã tồn tại
1008,154298071,189475412,SKIP,product_variant_id đã tồn tại
1009,99968881,99968980,SKIP,product_variant_id đã tồn tại
1010,99968881,99968952,SKIP,product_variant_id đã tồn tại
1011,99968881,99969005,SKIP,product_variant_id đã tồn tại
1012,99968881,99968906,SKIP,product_variant_id đã tồn tại
1013,154292862,189475063,SKIP,product_variant_id đã tồn tại
1014,154292862,154292863,SKIP,product_variant_id đã tồn tại
1015,154292862,154292865,SKIP,product_variant_id đã tồn tại
1016,154292862,154292867,SKIP,product_variant_id đã tồn tại
1017,154292862,154292871,SKIP,product_variant_id đã tồn tại
1018,154292862,154292869,SKIP,product_variant_id đã tồn tại
1019,154292862,154292873,SKIP,product_variant_id đã tồn tại
1020,154292862,154292875,SKIP,product_variant_id đã tồn tại
1021,154292862,154292877,SKIP,product_variant_id đã tồn tại
1022,154292862,189475059,SKIP,product_variant_id đã tồn tại
1023,154292862,189475060,SKIP,product_variant_id đã tồn tại
1024,154292862,189475065,SKIP,product_variant_id đã tồn tại
1025,195305781,195305782,SUCCESS,
1026,107801368,107801369,SUCCESS,
1027,766420,766467,SUCCESS,
1028,174017097,174017106,SUCCESS,
1029,174017097,174017104,SUCCESS,
1030,174017097,174017100,SUCCESS,
1031,174017097,174017102,SUCCESS,
1032,174017097,174017108,SUCCESS,
