id,name,description,thumbnail,price,average_rating,quantity_sold,is_active,category_id
134750203,Áo Sơ Mi Trắng Form Rộng Unisex Nam Nữ Tay Dài Hàn Quốc Kiểu Cổ Bẻ Vải Lụa Nhiều Màu - SMD01,"ÁO SƠ MI TRẮNG FORM RỘNG TAY DÀI UNISEX DÀNH CHO NAM VÀ NỮ- ÁO SƠ MI RỘNG dành cho nam và nữ, mặc rộng thoải mát- ÁO SƠ MI TRẮNG- ĐEN- XANH được làm bằng chất liệu LỤA , vải mềm mịn , thấm hút mồ hôi,...",https://salt.tikicdn.com/cache/280x280/ts/product/ab/94/4e/88eead527baf45b05f094077c6e22485.png,210000,4.7,126.0,1,918
134757633,Áo Sơ Mi Form Rộng GIẤU NÚT Tay Dài Hàn Quốc Áo Unisex Nam Nữ Vải Lụa Mềm Mịn Thoáng Mát Ít Nhăn - SMD02,"ÁO SƠ MI FORM RỘNG GIẤU NÚT TAY DÀI UNISEX DÀNH CHO NAM VÀ NỮ- ÁO SƠ MI RỘNG dành cho nam và nữ, mặc rộng thoải mát- ÁO SƠ MI TRẮNG- ĐEN- XANH được làm bằng chất liệu LỤA , vải mềm mịn , thấm hút mồ h...",https://salt.tikicdn.com/cache/280x280/ts/product/e5/5a/3e/da0e34498677630ca27cef763f59c243.png,210000,4.7,99.0,1,918
111477677,"Áo Sơ Mi Nam Ngắn Tay Kiểu Dáng Cơ Trưởng U886 Thời Trang Hàn Quốc Chất Cotton Pha Lụa Mềm Mại, Thoáng Mát, Chống Nhăn, Trẻ Trung, Năng Động- HÀNG CHÍNH HÃNG",CAM KẾT CỦA USARMY:BẢNG SIZE CHUẨN THEO SỐ ĐO NGƯỜI VIỆT NAM.HOÀN 100% GIÁ TRỊ ĐƠN HÀNG NẾU KHÔNG GIỐNG MÔ TẢHỖ TRỢ MIỄN PHÍ ĐỔI - TRẢ SẢN PHẨM MỌI TRƯỜNG HỢPTHÔNG TIN SẢN PHẨM:+ Tên sản phẩm: Á...,https://salt.tikicdn.com/cache/280x280/ts/product/c4/75/d8/0e56692f756dbc23069d5779a68441ca.jpg,458000,5.0,61.0,1,918
134702556,Áo Sơ Mi Form Rộng Unisex Nam Nữ Tay Dài Hàn Quốc Kiểu Cổ Vest Cổ Ve Áo Khoác Ngoài Vải Lụa Mềm Mịn - SMV01,"ÁO SƠ MI là một trang phục quen thuộc, Đây là loại trang phục đã có mặt từ sớm trong lịch sử và được con người phát triển từ xa xưa. Với thiết kế SƠ MI UNISEX, một loại ÁO SƠ MI RỘNG dành cho nam và n...",https://salt.tikicdn.com/cache/280x280/ts/product/cc/02/39/2f50df10406e90de8309bb17c3e3bc36.png,210000,4.7,62.0,1,918
196033255,Áo sơ mi nam form rộng tay dài kiểu trẻ trung hàn quốc chất lụa mềm mịn mát ít nhăn- MRD04,"- Áo sơ mi nam form rộng tay dài kiểu trẻ trung hàn quốc chất lụa mềm mịn mát ít nhăn- MRD04- Áo sơ mi form rộng  nam dài tay mặc thoải mái dễ chịu phù hợp với mọi hoạt động như du lịch dã ngoại, công...",https://salt.tikicdn.com/cache/280x280/ts/product/81/4e/db/2a601769e4112c267821acb26bdfd875.png,210000,5.0,43.0,1,918
112099693,"Áo Sơ Mi Dài Tay Lính Mỹ U458 US ARMY, Chất Liệu Vải Kaki Cao Cấp Thiết Kế Túi Hộp Phong Cách Loại Xịn- HÀNG CHÍNH HÃNG",CAM KẾT CỦA USARMY:BẢNG SIZE CHUẨN THEO SỐ ĐO NGƯỜI VIỆT NAM.HOÀN 100% GIÁ TRỊ ĐƠN HÀNG NẾU KHÔNG GIỐNG MÔ TẢHỖ TRỢ MIỄN PHÍ ĐỔI - TRẢ SẢN PHẨM MỌI TRƯỜNG HỢPTHÔNG TIN SẢN PHẨM:+ Tên sản phẩm: Á...,https://salt.tikicdn.com/cache/280x280/ts/product/f2/07/0c/f82510bad668f00d4f057a70a9c72802.jpg,798000,4.7,48.0,1,918
181566777,Áo sơ mi nam sọc tay ngắn dáng ôm body chuẩn form nhiều màu sắc - MON01,"- Áo sơ mi nam sọc tay ngắn body ôm dạng sơ mi công sở chuẩn form hàn quốc trẻ trung- Áo sơ mi nam sọc kiểu body Hàn Quốc tay dài được thiết kế cổ bẻ ,tay ngắn , có nút gài phía trước form chuẩn dáng ...",https://salt.tikicdn.com/cache/280x280/ts/product/7e/a4/9b/893480e945a08060c8d29e17306e19c3.png,250000,5.0,23.0,1,918
134656633, Áo sơ mi form rộng tay ngắn tay lỡ unisex nam nữ cá tính form Hàn Quốc vải lụa - SMN02,Áo sơ mi form rộng tay ngắn tay lỡ unisex nam nữ cá tính form Hàn Quốc vải lụa - SMN02...,https://salt.tikicdn.com/cache/280x280/ts/product/3b/ac/7a/69b462c943fe0df5fff1d72c2d81a48f.png,190000,5.0,21.0,1,918
135075286,Áo Sơ Mi Tay Ngắn Nam Nữ Form Rộng Sơ Mi Cổ Vest UNISEX Hàn Quốc Vải Lụa Giãn Mềm Mịn Mát - SMV02,"Mẫu Áo Sơ Mi Tay Ngắn Form Rộng Phong Cách UNISEX TRẺ TRUNG NĂNG ĐỘNG sẽ là lựa chọn rất phù hợp cho hè 20211. Tên sản phẩm: Áo sơ mi tay ngắn CỔ VEST, CỔ VEDáng áo: Dáng form rộng - Phong cách unise...",https://salt.tikicdn.com/cache/280x280/ts/product/f2/0e/ef/1c154505fdff924ede6a0b0c577b61f2.png,180000,4.8,23.0,1,918
135057302,Áo Sơ Mi Rộng Tay Ngắn OVERSIZE Giấu Nút Form Rộng UNISEX Nam Nữ Vải Lụa Mềm Mát Ít Nhăn - SMN01,"ÁO SƠ MI FORM RỘNG TAY NGẮN được sản xuất bằng công nghệ hiện đại nhất hiện nay mang đến cho chiếc áo sơ mi độ bền cao, phần cổ áo, nẹp áo và măng séc phẳng, không bị phồng rộp, phần vạt áo vòng nách ...",https://salt.tikicdn.com/cache/280x280/ts/product/78/8a/d1/bf1c7bc85b2db1647bcd46cc16f69f92.png,180000,4.5,25.0,1,918
168994241,Áo sơ mi nam Novelty ngắn tay trơn màu 171140N vạt ngang,"Áo sơ mi nam ngắn tay Novelty sở hữu kiểu dáng cùng màu sắc thời thượng cho phái mạnh dễ dàng phối với nhiều kiểu quần, phụ kiện để thể hiện phong cách, cá tính riêng. Novelty cũng khá chú trọng đến v...",https://salt.tikicdn.com/cache/280x280/ts/product/68/e6/c1/636b7cb6c8cddae7dc1952e8bc6fdca5.jpg,469000,5.0,16.0,1,918
181136946,Áo sơ mi nam Slim fit ngắn tay xanh cổ vịt 171424N,"Thành phần50% Bamboo ; 50% MicrofiberFormSlim FitMô tảChất liệu Bamboo thoáng mát, ít nhăn...",https://salt.tikicdn.com/cache/280x280/ts/product/14/e0/2e/bcba2e258adee1cef92ae38abf4e2a65.jpg,469000,5.0,12.0,1,918
177275239,Áo sơ mi form rộng nam nữ tay dài unisex phong cách hàn quốc trẻ trung vải lụa mềm mịn mát - MRD02,"ÁO SƠ FORM RỘNG NAM NỮ TAY DÀI UNISEX PHONG CÁCH HÀN QUỐC TRẺ TRUNG- ÁO SƠ MI RỘNG dành cho nam và nữ, mặc rộng thoải mát- ÁO SƠ MI FORM RỘNG TAY DÀI được làm bằng chất liệu LỤA , vải mềm mịn , thấm h...",https://salt.tikicdn.com/cache/280x280/ts/product/ef/7d/7b/ffba3c4409f4fde96054597595ed7468.png,190000,4.8,12.0,1,918
190129715,Áo sơ mi nam cổ tàu cổ trụ form rộng tay dài trẻ trung thanh lịch vải lụa mềm mịn mát ít nhăn- MRDT01,"Áo sơ mi nam cổ tàu cổ trụ form rộng tay dài trẻ trung thanh lịch vải lụa mềm mịn mát ít nhăn- MRDT01ÁO SƠ MI là một trang phục quen thuộc, Đây là loại trang phục đã có mặt từ sớm trong lịch sử và đư...",https://salt.tikicdn.com/cache/280x280/ts/product/5d/3f/7e/4e18ee83f5379fd855d8f125da34b3bb.png,220000,5.0,8.0,1,918
189648166,Áo sơ mi nam ngắn tay trắng Regular fit NSMMMWMSPR210261N,Thành phần100% Spun PolyesterFormRegular fitMô tảÁo sơ mi nam ngắn tay trắng Regular fit NSMMMWMSPR210261NMã sản phẩmNSMMMWMSPR210261N...,https://salt.tikicdn.com/cache/280x280/ts/product/d2/33/be/09d0788ac4a060b777e9663140775b5d.jpg,319000,5.0,8.0,1,918
191474727,Áo sơ mi măng sét trắng Anlimen Cuff Shirt - AGS02,"Sơ mi măng-sét Anlimen Gentle - French Cuff Shirt - AGS02.Thiết kế cổ tay bẻ gập cài măng sét cufflinks (măng sét đúp).Kiểu dáng slim fit (ôm nhẹ), không túi trước, màu trắng trơn.Chất vải cotton x...",https://salt.tikicdn.com/cache/280x280/ts/product/6f/5f/26/dc8ceed91c9442a4d3e022eef85e9277.jpg,790000,5.0,7.0,1,918
177274778,Áo sơ mi rộng tay dài nam nữ unisex phong cách trẻ trung hàn quốc vải lụa mềm mịn mát ít nhăn -MRD01,"ÁO SƠ MI RỘNG TAY DÀI UNISEX DÀNH CHO NAM VÀ NỮ- ÁO SƠ MI RỘNG dành cho nam và nữ, mặc rộng thoải mát- ÁO SƠ MI Đỏ , Xanh Ngọc được làm bằng chất liệu LỤA , vải mềm mịn , thấm hút mồ hôi, giúp ta mặc ...",https://salt.tikicdn.com/cache/280x280/ts/product/ac/04/76/ee12b13c0507e3ce14e078e1917ccc2d.png,190000,4.5,15.0,1,918
197675716,Áo sơ mi nam dài tay màu đen dáng suông May 10 mã 010122912L2,THÔNG TIN SẢN PHẨMChất liệu: 97% Cotton -  3% SpandexMàu sắc: ĐEN TRƠNKích cỡ: 38 - 44VUI LÒNG INBOX TRỰC TIẾP VÀO PHẦN CHAT ĐỂ ĐƯỢC TƯ VẤN KÍCH THƯỚC CỤ THỂ PHÙ HỢP SỐ ĐO VÀ CHỌN ĐƯỢC MÀU SẮC ƯNG...,https://salt.tikicdn.com/cache/280x280/ts/product/88/cc/e7/4a7756b994077689dab6febe39df9f55.jpg,295000,5.0,6.0,1,918
71949394,Áo sơ mi nam họa tiết đi biển NOVELTY 200116N,"Áo sơ mi nam họa tiết đi biển NOVELTY được thiết kế với họa tiết phong phú, chất liệu mềm mại, thoải mái Đặc biệt với thiết kể kiểu cổ Danton mới lạ . Có thể phối được nhiều phong cách Họa tiết phong ...",https://salt.tikicdn.com/cache/280x280/ts/product/93/75/1e/2e9a17d5f75ebab6917712d10c21447a.jpg,235000,5.0,6.0,1,918
178316423,Áo sơ mi form rộng tay ngắn nam nữ unisex phong cách hàn quốc trẻ trung vải lụa mềm mát-MNR01,"Áo sơ mi form rộng tay ngắn nam nữ unisex phong cách hàn quốc trẻ trung vải lụa mềm mát- MNR01* Chất liệu: Vải lụa mềm mịn, trơn nhẵn, thấm hút mồ hôi, ít nhăn- Đường kim mũi chỉ cẩn thận, chắc chắn...",https://salt.tikicdn.com/cache/280x280/ts/product/69/34/9d/54c256462370e6d933d6fd10e3ebb001.png,180000,5.0,6.0,1,918
34592981,Áo Sơ Mi Sọc Hana,"Áo Sơ Mi Sọc HanaSize S  M L XL Phom dáng chuẩn đẹp,Chất liệu: VẢI  dày dặn, dễ chịu,Là mẫu thiết kế có đường kim mũi chỉ sắc xảo, chị em công sở không cần ngại không hợp nhé.Cam Kết  Cam kết về chất ...",https://salt.tikicdn.com/cache/280x280/ts/product/9b/7f/46/6cfec2e3fed4156d5c567a6da042e2a4.png,119000,4.3,355.0,1,934
146635373,"Áo sơ mi nữ form rộng kiểu tay lỡ cổ tròn NeSa Shop, chất liệu Đũi tơ thấm hút mồ hôi, áo sơ mi nữ nhiều màu, SMH.34","  Áo sơ mi nữ form rộng kiểu tay lỡ cổ tròn NeSa Shop, chất liệu Đũi tơ thấm hút mồ hôi, áo sơ mi nữ nhiều màu.   THÔNG TIN SẢN PHẨM:   1. Tên sản phẩm: Áo sơ mi nữ kiểu tay lỡ cổ tròn, chất liệu Đ...",https://salt.tikicdn.com/cache/280x280/ts/product/0c/a0/6f/4ad157778535b46457774730de4a450f.jpg,199000,4.5,179.0,1,934
46060134,Áo Sơ Mi Nữ Công Sở Tay Dài Dễ Thương SM015 MayHomes,"Áo Sơ Mi Nữ Công Sở Tay Dài Dễ Thương SM015 MayHomes Áo Sơ Mi Nữ Công Sở Tay Dài Dễ Thương SM015 MayHomes: Là một trong các sản phẩm sơ mi nữ hot trend hiện nay với kiểu dáng thanh lịch, dễ thương ...",https://salt.tikicdn.com/cache/280x280/ts/product/11/c5/e2/647ed298823d2346bb388fbdba4959d1.png,99999,4.3,186.0,1,934
18005285,Áo Sơ MI Nữ Tay Dài Cổ Kiểu Nút Ngọc - Mã SSL1222,"Gợi ý phối đồ: Dễ dàng phối hợp cùng nhiều phụ kiện khác mang đến phong cách thời trang riêng cho bạn nữ, khéo léo lựa chọn trang phục cùng phụ kiện phù hợp, bạn sẽ có set đồ đẹp mắt như ý.Bạn có th...",https://salt.tikicdn.com/cache/280x280/ts/product/e8/03/04/178b9cff22f38a12a0a7a3899f6333c2.jpg,179000,4.2,156.0,1,934
37975688,Áo Sơ Mi Nữ Form Dài Che Quần Cá Tính SM013 MayHomes,"Áo Sơ Mi Nữ Form Dài Che Quần Cá Tính SM013 MayHomes Áo Sơ Mi Nữ Form Dài Che Quần Cá Tính SM013 MayHomes: Là một trong các sản phẩm sơ mi nữ hot trend hiện nay với form dài che quần, cá tính. Vải ...",https://salt.tikicdn.com/cache/280x280/ts/product/7e/e1/5b/4179b2fb7bd1011f3484bc309dcc5aed.png,99999,4.5,117.0,1,934
14837830,Áo Sơ Mi Sọc Janet,"Thiết kế trẻ trung phù hợp với nhiều lứa tuổiĐường may tinh tế, tỉ mỉ, chắc chắnForm ôm co giãn tạo cảm giác thoải mái khi mặcChất liệu ren cao cấp, mềm mại co giãn và thấm hút mồ hôi tốt...",https://salt.tikicdn.com/cache/280x280/ts/product/45/ce/93/3e4f6e091862f78703f3ad5cfe2bf8d0.jpg,117000,3.4,127.0,1,934
15778666,Áo Sơ Mi Nữ Viền,"Áo Sơ Mi Nữ Viền với thiết kế thời trang thanh lịch, nhẹ nhàng, nữ tính.Đường kim mũi chỉ sắc sảo, tinh tế.Gam màu sáng, nổi bật tạo điểm nhấn cho bộ trang phục.Kiểu dáng trẻ trung, hiện đại mang đ...",https://salt.tikicdn.com/cache/280x280/ts/product/42/94/1f/22f993e87db4c91e22c54de80295a3dd.jpg,249000,4.5,53.0,1,934
42560688,Áo sơ mi sọc thắt cavat ,"Thiết kế trẻ trung phù hợp với nhiều lứa tuổiĐường may tinh tế, tỉ mỉ, chắc chắnForm áo co giãn tạo cảm giác thoải mái khi mặcSIZRE S : vòng eo 64-68 cm, mông 84-88,nguc 82-86SIZE M:ong eo 68-72,m...",https://salt.tikicdn.com/cache/280x280/ts/product/0d/4a/06/1205f0d2b8a815c5f1ae0c7b899e1041.jpg,119000,4.3,56.0,1,934
40885424,ÁO SƠ MI CỔ SEN 3 NÚT,"Thông tin sản phẩm:- Xuất xứ: Vải nhập từ Quảng Châu, gia công tại Việt Nam- Kiểu dáng: áo kiểu sơ mi cách điệu, tay dài phong cách- Trọng lượng: 200gr- Đơn vị tính: cm- Thích hợp c...",https://salt.tikicdn.com/cache/280x280/ts/product/e5/af/8b/91a54f2f6f1f0b0c68d3dc18fbee783f.jpg,124000,5.0,14.0,1,934
90642209,Áo nữ xinh xắn thiết kế cổ V phối ren sm185,"Thiết kế trẻ trung phù hợp với nhiều lứa tuổiĐường may tinh tế, tỉ mỉ, chắc chắnForm rộng co giãn tạo cảm giác thoải mái khi mặcChất liệu cao cấp, mềm mại co giãn và thấm hút mồ hôi tốtkích thước ...",https://salt.tikicdn.com/cache/280x280/ts/product/65/29/9c/35ef674bd2260184b60c750291c19609.jpg,249000,5.0,14.0,1,934
160264804,"Áo đũi nữ Haint Boutique, Áo sơ mi nữ cổ V xinh phong cách vintage Sm99","Shop chuyên cung cấp quần âu, áo sơ mi, áo kiểu, chân váy, đầm thiết kế với giá cực hợp lý và tốt nhất thị trường, chất lượng đảm bảo. Uy tín luôn đặt lên hàng đầu để tương lai luôn phát triển Tư vấn ...",https://salt.tikicdn.com/cache/280x280/ts/product/aa/10/e4/888ebc13b70478d64f299bc5217d1175.jpg,250000,5.0,13.0,1,934
276329236,"Áo sơ mi nữ form rộng sát nách, chất liệu mềm mát, áo kiểu nữ, form trẻ trung, năng động NeSa Shop SMT03","Áo sơ mi nữ sát nách, áo kiểu nữ, chất liệu Đũi tơ mềm mát, form trẻ trung, năng độngTHÔNG TIN SẢN PHẨM: 1. Tên sản phẩm: Áo sơ mi nữ sát nách, áo kiểu nữ, chất liệu Đũi tơ mềm mát, form trẻ trung, nă...",https://salt.tikicdn.com/cache/280x280/ts/product/8a/65/ec/af5d01088db497e56d382046cb3f3940.jpg,149000,5.0,10.0,1,934
121412391,Áo sơ mi nữ cổ V kẻ sọc SM51,"Shop chuyên cung cấp quần âu, áo sơ mi, áo kiểu, chân váy, đầm thiết kế với giá cực hợp lý và tốt nhất thị trường, chất lượng đảm bảo. Uy tín luôn đặt lên hàng đầu để tương lai luôn phát triển Tư vấn ...",https://salt.tikicdn.com/cache/280x280/ts/product/f4/75/d2/b2eaf0aad09369d3afcc42bd1988545f.jpg,270000,5.0,10.0,1,934
21264406,Áo Sơ Mi Form Dài Thời Trang A518,"Thiết kế áo hợp mốt, thể hiện gu thời trang cá tính và đầy sức sống, năng động nhưng cũng không kém phần tinh tế.Thích hợp mặc mỗi khi xuống phố, dã ngoại, dự tiệc hay đến nơi công sở.Gam màu trẻ t...",https://salt.tikicdn.com/cache/280x280/ts/product/cc/26/23/59ee1b9916bf55a32cb2780a7122a7a7.jpg,189000,3.7,71.0,1,934
29941760,áo Sơ mi nữ cộc tay cao cấp,"Thiết kế tay áo ngắn, rộng mang lại vẻ quyến rũ và thoải máiChất liệu vải sản xuất cao cấp, bền đẹpForm suông thoải máiMang lại vẻ thanh lịch, trẻ trungCó thể mặc đi làm, đi chơi, dạo phố...",https://salt.tikicdn.com/cache/280x280/ts/product/55/90/3a/87a29fedebeb74a99da57088209afb82.jpg,249000,5.0,9.0,1,934
179237389,Áo sơ mi nữ tay dài công sở form rộng phong cách đẹp sang trọng trẻ trung vải lụa mềm mịn-MNV01,"Áo sơ mi nữ tay dài công sở form rộng phong cách đẹp sang trọng trẻ trung vải lụa mềm mịn-MNV01- Áo sơ mi form vừa trắng đen, da được làm bằng chất liệu LỤA , vải mềm mịn , thấm hút mồ hôi, giúp ta mặ...",https://salt.tikicdn.com/cache/280x280/ts/product/9e/f4/67/72c00dfea8fe0cc14dd44dd2954571f3.png,230000,5.0,9.0,1,934
187315703,Áo sơ mi nữ tay dài form rộng trơn trẻ trung nặng động vải lụa mềm mịn-MUD03,"Áo sơ mi nữ tay dài form rộng trẻ trung năng động vải lụa mềm mịn mặc mát-MUD03- Áo sơ mi nữ form rộng trắng đen, đỏ được làm bằng chất liệu LỤA , vải mềm mịn , thấm hút mồ hôi, giúp ta mặc thoải mái...",https://salt.tikicdn.com/cache/280x280/ts/product/df/1c/be/b54a1c31a3619b5924bc1fa24bd107fc.png,210000,4.3,42.0,1,934
187278904,Áo sơ mi nữ form rộng tay dài phồng hot trend hàn quốc trẻ trung thanh lịch vải lụa mềm mịn-MUD02,"Áo sơ mi nữ form rộng tay dài phồng phong cách trẻ trung hàn quốc :- Áo sơ mi form rộng tay dài  trắng đen, xanh xám được làm bằng chất liệu LỤA , vải mềm mịn , thấm hút mồ hôi, giúp ta mặc thoải mái...",https://salt.tikicdn.com/cache/280x280/ts/product/7d/cc/e6/898b7fa11b3076ebdec1518ee35f03dc.png,230000,4.5,31.0,1,934
189527267,Áo sơ mi nữ tay dài form rộng phong cách trẻ trung hàn quốc vải lụa mềm mịn mát -MURD04,"Áo sơ mi nữ tay dài form rộng phong cách trẻ trung hàn quốc vải lụa mềm mịn mát -MURD04- Áo sơ mi nữ form rộng xanh mint,đen tuyề được làm bằng chất liệu LỤA , vải mềm mịn , thấm hút mồ hôi, giúp ta m...",https://salt.tikicdn.com/cache/280x280/ts/product/06/84/8c/166caa90ca40616727ef568375744310.png,210000,5.0,7.0,1,934
24882095,Sơ mi nữ kẻ caro dáng dài Ab05,"- Sơ mi nữ kẻ caro dáng dài Ab05 được thiết kế thanh nhã với kiểu dáng trẻ trung- Áo sơ mi nữ, sơ mi dáng dài được may từ chất liệu cao cấp cho cảm giác mềm mại, thoáng mát và vô cùng dễ chịu khi mặc...",https://salt.tikicdn.com/cache/280x280/ts/product/5d/24/ba/2b494b623774138ba728b61c4c4230ce.jpg,249000,5.0,6.0,1,934
87981660,"Combo 2 áo ba lỗ nam, áo 3 lỗ nam, sợi cotton mềm mịn, thấm hút mồ hôi tốt, thoáng mát, mặc thoải mái JAMANO","CHI TIẾT SẢN PHẨM:– Áo Ba lỗ 100% cotton kiểu dáng basic.– Chất liệu Cotton tự nhiên mềm mịn, mang đến bề mặt dễ chịu, mượt và nhẹ, đặc biệt không bai dão.– Áo có khả năng thấm hút mồ hôi tốt, tho...",https://salt.tikicdn.com/cache/280x280/ts/product/15/41/bb/7dafe77802e4c1da71005db94c5026f1.jpg,198000,4.8,1921.0,1,917
42899542,"Áo ba lỗ nam/ 3 lỗ nam cao cấp, sợi cotton mềm mịn siêu thoáng mát, thấm hút mồ hôi cực tốt, co dãn 4 chiều MRM FASHION"," CHI TIẾT SẢN PHẨM. Áo Ba lỗ Tanktop MRM kiểu dáng Slim fit ôm gọn gàng.. Thiết kế slimfit giúp tôn thêm đường nét nam tính, khoẻ khoắn. CHẤT LIỆU:. Chất liệu Cotton tự nhiên mềm mịn, mang đ...",https://salt.tikicdn.com/cache/280x280/ts/product/04/c6/9b/d5430d72f6f34da7d6ff695a17edadb9.jpg,125000,4.7,1721.0,1,917
42899542,"Áo ba lỗ nam/ 3 lỗ nam cao cấp, sợi cotton mềm mịn siêu thoáng mát, thấm hút mồ hôi cực tốt, co dãn 4 chiều MRM FASHION"," CHI TIẾT SẢN PHẨM. Áo Ba lỗ Tanktop MRM kiểu dáng Slim fit ôm gọn gàng.. Thiết kế slimfit giúp tôn thêm đường nét nam tính, khoẻ khoắn. CHẤT LIỆU:. Chất liệu Cotton tự nhiên mềm mịn, mang đ...",https://salt.tikicdn.com/cache/280x280/ts/product/04/c6/9b/d5430d72f6f34da7d6ff695a17edadb9.jpg,125000,4.7,1721.0,1,917
42899542,"Áo ba lỗ nam/ 3 lỗ nam cao cấp, sợi cotton mềm mịn siêu thoáng mát, thấm hút mồ hôi cực tốt, co dãn 4 chiều MRM FASHION"," CHI TIẾT SẢN PHẨM. Áo Ba lỗ Tanktop MRM kiểu dáng Slim fit ôm gọn gàng.. Thiết kế slimfit giúp tôn thêm đường nét nam tính, khoẻ khoắn. CHẤT LIỆU:. Chất liệu Cotton tự nhiên mềm mịn, mang đ...",https://salt.tikicdn.com/cache/280x280/ts/product/04/c6/9b/d5430d72f6f34da7d6ff695a17edadb9.jpg,125000,4.7,1721.0,1,917
103076103,"áo ba lỗ nam, áo 3 lỗ nam sợi cotton Organic mềm mịn siêu thoáng mát thấm hút mồ hôi JAMANO","Áo Ba lỗ cotton kiểu dáng basic.Chất liệu Cotton tự nhiên mềm mịn, mang đến bề mặt dễ chịu, mượt và nhẹ, đặc biệt không bai dão.Áo có khả năng thấm hút mồ hôi tốt, thoát ẩm và thoáng khí....",https://salt.tikicdn.com/cache/280x280/ts/product/46/6b/7a/f7235d9c280162838ad26d4f893a089e.jpg,99000,4.8,1359.0,1,917
176250783,Áo thun nam Cotton Compact Premium trẻ trung năng động thấm hút mồ hôi co giãn 4 chiều MRM Manlywear,"  KIỂU DÁNG: REGULAR FITCHI TIẾT:- Áo thun nam MRM kiểu dáng Regular fit tôn dáng cơ thể, làm nổi bật form người mặc thêm nam tính, khỏe khoắn mà vẫn thoải mái vận động.- Áo được thiết kế theo ...",https://salt.tikicdn.com/cache/280x280/ts/product/35/13/d2/4dd73fd6c5ef9315d7aeefe5d93e76ee.jpg,249000,4.8,1050.0,1,917
43333663,"Combo 2 áo ba lỗ nam/áo 3 lỗ nam, sợi cotton mềm mịn siêu thoáng mát, thấm hút mồ hôi cực tốt, co giãn 4 chiều MRM FASHION -MM"," CHI TIẾT SẢN PHẨM. Áo Ba lỗ Tanktop MRM kiểu dáng Slim fit ôm gọn gàng.. Thiết kế slimfit giúp tôn thêm đường nét nam tính, khoẻ khoắn. CHẤT LIỆU:. Chất liệu Cotton tự nhiên mềm mịn, mang đ...",https://salt.tikicdn.com/cache/280x280/ts/product/5a/34/b2/170e4f8df950b816ec5ca9288f5138c6.jpg,250000,4.6,1021.0,1,917
43333663,"Combo 2 áo ba lỗ nam/áo 3 lỗ nam, sợi cotton mềm mịn siêu thoáng mát, thấm hút mồ hôi cực tốt, co giãn 4 chiều MRM FASHION -MM"," CHI TIẾT SẢN PHẨM. Áo Ba lỗ Tanktop MRM kiểu dáng Slim fit ôm gọn gàng.. Thiết kế slimfit giúp tôn thêm đường nét nam tính, khoẻ khoắn. CHẤT LIỆU:. Chất liệu Cotton tự nhiên mềm mịn, mang đ...",https://salt.tikicdn.com/cache/280x280/ts/product/5a/34/b2/170e4f8df950b816ec5ca9288f5138c6.jpg,250000,4.6,1021.0,1,917
43333663,"Combo 2 áo ba lỗ nam/áo 3 lỗ nam, sợi cotton mềm mịn siêu thoáng mát, thấm hút mồ hôi cực tốt, co giãn 4 chiều MRM FASHION -MM"," CHI TIẾT SẢN PHẨM. Áo Ba lỗ Tanktop MRM kiểu dáng Slim fit ôm gọn gàng.. Thiết kế slimfit giúp tôn thêm đường nét nam tính, khoẻ khoắn. CHẤT LIỆU:. Chất liệu Cotton tự nhiên mềm mịn, mang đ...",https://salt.tikicdn.com/cache/280x280/ts/product/5a/34/b2/170e4f8df950b816ec5ca9288f5138c6.jpg,250000,4.6,1021.0,1,917
68202834,"Combo 2 áo ba lỗ nam, áo sát nách nam,sợi cotton cao cấp mềm mịn, thấm hút mồ hôi, siều thoáng mát, co giãn 4 chiều Mrm Manlywear - MM","   KIỂU DÁNG: SLIM FITCHI TIẾT:- Áo Tanktop sát nách kiểu dáng slim fit tôn dáng cơ thể, làm nổi bật form người mà vẫn thoải mái vận động.- Thiết kế thể thao, màu sắc cơ bản với điểm nhấn log...",https://salt.tikicdn.com/cache/280x280/ts/product/84/22/5f/1522846ba688aca42392d8e7c7a11fd0.jpg,310000,4.7,895.0,1,917
68202834,"Combo 2 áo ba lỗ nam, áo sát nách nam,sợi cotton cao cấp mềm mịn, thấm hút mồ hôi, siều thoáng mát, co giãn 4 chiều Mrm Manlywear - MM","   KIỂU DÁNG: SLIM FITCHI TIẾT:- Áo Tanktop sát nách kiểu dáng slim fit tôn dáng cơ thể, làm nổi bật form người mà vẫn thoải mái vận động.- Thiết kế thể thao, màu sắc cơ bản với điểm nhấn log...",https://salt.tikicdn.com/cache/280x280/ts/product/84/22/5f/1522846ba688aca42392d8e7c7a11fd0.jpg,310000,4.7,895.0,1,917
68202834,"Combo 2 áo ba lỗ nam, áo sát nách nam,sợi cotton cao cấp mềm mịn, thấm hút mồ hôi, siều thoáng mát, co giãn 4 chiều Mrm Manlywear - MM","   KIỂU DÁNG: SLIM FITCHI TIẾT:- Áo Tanktop sát nách kiểu dáng slim fit tôn dáng cơ thể, làm nổi bật form người mà vẫn thoải mái vận động.- Thiết kế thể thao, màu sắc cơ bản với điểm nhấn log...",https://salt.tikicdn.com/cache/280x280/ts/product/84/22/5f/1522846ba688aca42392d8e7c7a11fd0.jpg,310000,4.7,895.0,1,917
176251118,"Combo 2 Áo thun nam Cotton Compact Premium trẻ trung thấm hút mồ hôi, co giãn 4 chiều MRM Manlywear"," KIỂU DÁNG: REGULAR FITCHI TIẾT:- Áo thun nam MRM kiểu dáng Regular fit tôn dáng cơ thể, làm nổi bật form người mặc thêm nam tính, khỏe khoắn mà vẫn thoải mái vận động.- Áo được thiết kế theo ph...",https://salt.tikicdn.com/cache/280x280/ts/product/1c/9b/16/cba8a92606d3f41466c89d9f32b6dbe7.jpg,499000,4.8,600.0,1,917
68200548,"Áo ba lỗ nam, áo sát nách nam,sợi cotton cao cấp mềm mịn, thấm hút mồ hôi, siều thoáng mát, co giãn 4 chiều Mrm Manlywear","   KIỂU DÁNG: SLIM FITCHI TIẾT:- Áo Tanktop sát nách kiểu dáng slim fit tôn dáng cơ thể, làm nổi bật form người mà vẫn thoải mái vận động.- Thiết kế thể thao, màu sắc cơ bản với điểm nhấn log...",https://salt.tikicdn.com/cache/280x280/ts/product/df/07/25/b9a7534323ef6a033bc1e8faeda939f1.jpg,155000,4.7,423.0,1,917
68200548,"Áo ba lỗ nam, áo sát nách nam,sợi cotton cao cấp mềm mịn, thấm hút mồ hôi, siều thoáng mát, co giãn 4 chiều Mrm Manlywear","   KIỂU DÁNG: SLIM FITCHI TIẾT:- Áo Tanktop sát nách kiểu dáng slim fit tôn dáng cơ thể, làm nổi bật form người mà vẫn thoải mái vận động.- Thiết kế thể thao, màu sắc cơ bản với điểm nhấn log...",https://salt.tikicdn.com/cache/280x280/ts/product/df/07/25/b9a7534323ef6a033bc1e8faeda939f1.jpg,155000,4.7,423.0,1,917
68200548,"Áo ba lỗ nam, áo sát nách nam,sợi cotton cao cấp mềm mịn, thấm hút mồ hôi, siều thoáng mát, co giãn 4 chiều Mrm Manlywear","   KIỂU DÁNG: SLIM FITCHI TIẾT:- Áo Tanktop sát nách kiểu dáng slim fit tôn dáng cơ thể, làm nổi bật form người mà vẫn thoải mái vận động.- Thiết kế thể thao, màu sắc cơ bản với điểm nhấn log...",https://salt.tikicdn.com/cache/280x280/ts/product/df/07/25/b9a7534323ef6a033bc1e8faeda939f1.jpg,155000,4.7,423.0,1,917
193492866,Áo thun thể thao nam MRM Active Pro thấm hút mồ hôi tốt co dãn thoải mái vận động,KIỂU DÁNG: Slightly Slim FitCHI TIẾT:- Áo thun thể thao nam MR.M Active Pro Kiểu dáng Slightly Slim Fit trẻ trung để bạn luôn cảm thấy vừa vặn trong mọi cử động- Vải dệt kiểu Mesh tạo những lỗ nhỏ...,https://salt.tikicdn.com/cache/280x280/ts/product/8c/c5/4a/b8fef6a2139dab3c5c430891a88cf5e3.jpg,199000,5.0,169.0,1,917
193504415,Combo 2 Áo thun thể thao nam MRM Active Pro thấm hút mồ hôi tốt co dãn thoải mái vận động,KIỂU DÁNG: Slightly Slim FitCHI TIẾT:- Áo thun thể thao nam MR.M Active Pro Kiểu dáng Slightly Slim Fit trẻ trung để bạn luôn cảm thấy vừa vặn trong mọi cử động- Vải dệt kiểu Mesh tạo những lỗ nhỏ...,https://salt.tikicdn.com/cache/280x280/ts/product/12/29/3e/bcb8ffa44add92b711c934870f559983.jpg,399000,5.0,149.0,1,917
110938120,"Áo Phông Nam Lính Mỹ (2 Màu), Chất Liệu Mềm Mại, Thoáng Mát, Chống Nhăn, Phom Dáng Xuông Trẻ Trung, Năng Động (U289)-HÀNG CHÍNH HÃNG",CAM KẾT CỦA USARMY:BẢNG SIZE CHUẨN THEO SỐ ĐO NGƯỜI VIỆT NAM.HOÀN 100% GIÁ TRỊ ĐƠN HÀNG NẾU KHÔNG GIỐNG MÔ TẢHỖ TRỢ MIỄN PHÍ ĐỔI - TRẢ SẢN PHẨM MỌI TRƯỜNG HỢPTHÔNG TIN SẢN PHẨM:+ Tên sản phẩm: Á...,https://salt.tikicdn.com/cache/280x280/ts/product/3c/1b/76/e0d64f69522a1cb186978c82f932638b.jpg,498000,5.0,140.0,1,917
251773296,"Áo thun Polo Nam Coolmax - Premium nam tính, thanh lịch sang trọng MRM Manlywear"," FORM DÁNG: Regular Fit (Dáng ôm vừa)THIẾT KẾ:- Áo Polo MR.M Coolmax thiết kế suông nhẹ nhưng vẫn vừa vặn, tôn dáng tối đa khi mặc.- Thiết kế Basic với những đường viền tinh tế, đem đến điểm nhấn...",https://salt.tikicdn.com/cache/280x280/ts/product/5a/cf/5c/e078d30f249c4f6230851edc5fbd13a5.jpg,450000,5.0,133.0,1,917
43842296,Áo khoác nữ slim 4 túi dây kéo 4044,"Chống rớt đồ, an toàn với 4 túi khóa dây kéoHai túi trong và hai túi ngoàiDáng ôm với chất liệu thun lạnh: co giãn và thoángKhông xù lông, không ra màuSố đo có sai số +/-2cmSizeVai (cm)...",https://salt.tikicdn.com/cache/280x280/ts/product/62/d2/00/8c30a3567d1e35acacddd07df896140c.JPG,144000,4.5,200.0,1,933
5981171,Áo khoác nữ slim 4 túi dây kéo 4044_Den,- tránh giặt chế độ mạnh và nóng SizeVai (cm)Dài (cm)Ngực (cm)Tay (cm)M33539359L34559359.9XL36599858.5XXL376110262...,https://salt.tikicdn.com/cache/280x280/ts/product/97/3a/89/50a270a6f62665d3283f324238a92c4d.JPG,200000,4.6,83.0,1,933
194959961,"Áo Hai Dây Cổ Tim Mặc Trong Vest blazer kiểu nữ freesize (40-65kg) Vải Lụa Satin Mịn ,Thoáng Mát New  Design AO0003","-New Design chuyên hàng thiết kế những mẫu chân váy đẹp, mới lạ, thanh lịch công sở, văn phòng, hẹn hò đều đẹp.Nay Shop giới thiệu cùng bạn mẫu Áo nữ hai dây trẻ trung, cá tính, tôn dáng, sáng da.-Sản...",https://salt.tikicdn.com/cache/280x280/ts/product/f5/c6/10/00d4740f43c30dc7ab15356324b01272.jpg,179000,4.5,57.0,1,933
84709814,Áo Thun Nữ Aaa Jeans Cao Cấp Organic Cotton,Mô tả sản phẩm áo thun nữ cao cấp organic cottonÁo thun organic cotton được làm hoàn toàn từ bông tự nhiên không chỉ thân thiện môi trường mà còn rất an toàn với làn da nhạy cảmVải organic cotton man...,https://salt.tikicdn.com/cache/280x280/ts/product/bd/e1/a3/ca1dea5d320aa241b535ff9c9ecb87b8.jpg,250000,4.5,41.0,1,933
198735289,"Áo 2 Dây Nữ New  Design Đính Ngọc Trai Mẫu Mới, Lụa Satin Mịn Mát, Phong Cách Vintage Trẻ Trung, Áo Có Nhiều Màu Và Đủ Size AO0004","-New Design chuyên hàng thiết kế những mẫu chân váy đẹp, mới lạ, thanh lịch công sở, văn phòng, hẹn hò đều đẹp. Nay shop giới thiệu cùng bạn mẫu Áo hai dây dễ thương-Sản phẩm được thiết kế bởi New De...",https://salt.tikicdn.com/cache/280x280/ts/product/97/7a/c0/656576bdfcdbe7cb235188eee92b82e1.jpg,199000,4.5,37.0,1,933
16155074,Áo Len Nữ Áo Kiểu Nữ Hai Dây Cổ Gợn Sóng Dễ Thương ALN026 MayHomes,"Áo Len Nữ Áo Kiểu Nữ Hai Dây Cổ Gợn Sóng Dễ Thương ALN026 MayHomes Áo Len Nữ Áo Kiểu Nữ Hai Dây Cổ Gợn Sóng Dễ Thương ALN026 MayHomes: với kiểu dáng trẻ trung và dễ thương, dễ dàng phối trang phục. ...",https://salt.tikicdn.com/cache/280x280/ts/product/3d/8b/c4/a955aa82a80a917c436894377ecd4123.png,78000,4.6,34.0,1,933
225172057,"Áo hai dây lụa cổ vuông mặc trong vest, blazer Áo lụa 2 dây có size - New Design AO0010","-New Design chuyên hàng thiết kế những mẫu chân váy đẹp, mới lạ, thanh lịch công sở, văn phòng, hẹn hò đều đẹp.Nay Shop giới thiệu cùng bạn mẫu Áo hai dây trẻ trung, cá tính, tôn dáng, sáng da.-Sản p...",https://salt.tikicdn.com/cache/280x280/ts/product/eb/5e/8c/db6770bda8e19b40ebd9da486d4c19ce.jpg,179000,4.5,36.0,1,933
174379620,Áo Thun Cá Sấu Nữ Có Cổ -Hồng Phấn (45-75kg),       SIZE ÁO NỮ:   M: (Từ 42kg-46kg) Vai 34 - Ngực 42 - Dài Áo 60   L: (Từ 47kg-52kg) Vai 36 - Ngực 44 - Dài Áo 62   XL: (Từ 52kg-60kg) Vai 38 - Ngực 46 - Dài Áo 64   XXL: (Từ 60-65kg) Vai 4...,https://salt.tikicdn.com/cache/280x280/ts/product/e8/e5/3b/ec304f450579587bf07689b4377dfaa8.jpg,96000,5.0,16.0,1,933
174379594,Áo Thun Cá Sấu Nữ Có Cổ - Cánh sen (45-75kg),       SIZE ÁO NỮ:   M: (Từ 42kg-46kg) Vai 34 - Ngực 42 - Dài Áo 60   L: (Từ 47kg-52kg) Vai 36 - Ngực 44 - Dài Áo 62   XL: (Từ 52kg-60kg) Vai 38 - Ngực 46 - Dài Áo 64   2XL: (Từ 60-65kg) Vai 4...,https://salt.tikicdn.com/cache/280x280/ts/product/12/90/3a/7a47db48d36ae2b91859553bfaa8b14e.jpg,96000,5.0,14.0,1,933
48384550,Áo nữ thun co giãn cổ tim,"Áo nữ thun co giãn cổ tim được thiết kế thanh nhã với kiểu dáng trẻ trung- Áo nữ, áo thun nữ được may từ chất liệu cao cấp cho cảm giác mềm mại và vô cùng dễ chịu khi mặc.- Dễ dàng bảo quản, giặt ủi...",https://salt.tikicdn.com/cache/280x280/ts/product/5e/90/4b/6b2a9f55f59b3ae6959991100eb598f3.jpg,199000,4.7,21.0,1,933
273369075,"Áo Thun Nữ Cao Cấp Premium Cotton Sure Fashion, Mềm mại, Thoả mái, Thoáng khí, Nhẹ tênh, Kháng khuẩn, An toàn cho làn da, Bạn sẽ cảm nhận rất rõ ràng khi mặc sản phẩm Organic 100% cotton này","Tên Sản Phẩm: Áo Thun Nữ Cotton Sure PremiumMàu Sắc: Trắng / ĐenKích Cỡ: S,M,L,XL ( Size Chuẩn Châu Á ) ( Thông số người mẫu: Cao 1m74, 81-59-88 mặc size M)Form Dáng: Được thế kế trang nhã và than...",https://salt.tikicdn.com/cache/280x280/ts/product/c7/92/4a/ebb511375576f45d49a2a51783831283.jpg,290000,5.0,11.0,1,933
275381218,"Áo 2 dây nữ lụa satin cao cấp mặc trong áo blazer, chất vải mịn, mát - AO0037","-New Design chuyên hàng thiết kế những mẫu chân váy đẹp, mới lạ, thanh lịch công sở, văn phòng, hẹn hò đều đẹp.Nay shop xin giới thiệu cùng bạn mẫu Áo 2 dây nữ lụa satin cao cấp mặc trong áo blazer, c...",https://salt.tikicdn.com/cache/280x280/ts/product/9c/a9/f9/dcf555298104293b7d82d08b10e252d4.jpg,199000,5.0,9.0,1,933
174379567,Áo Thun Cá Sấu Nữ Có Cổ -Màu Xanh Ngọc .(45-75kg),       SIZE ÁO NỮ:   M: (Từ 42kg-46kg) Vai 34 - Ngực 42 - Dài Áo 60   L: (Từ 47kg-52kg) Vai 36 - Ngực 44 - Dài Áo 62   XL: (Từ 52kg-60kg) Vai 38 - Ngực 46 - Dài Áo 64   XXL: (Từ 60-65kg) Vai 4...,https://salt.tikicdn.com/cache/280x280/ts/product/bc/0c/bb/444bbf2266a516c01bab2f6f1176476c.jpg,96000,5.0,7.0,1,933
251461830,"Áo kiểu nữ, Áo sát nách cổ yếm sang chảnh chất Lụa latin cao cấp thoáng mát New Design AO0012","-New Design chuyên hàng thiết kế những mẫu chân váy đẹp, mới lạ, thanh lịch công sở, văn phòng, hẹn hò đều đẹp.Nay Shop giới thiệu cùng bạn mẫu Áo kiểu nữ trẻ trung, cá tính, tôn dáng, sáng da.-Sản ph...",https://salt.tikicdn.com/cache/280x280/ts/product/5d/ef/f8/58237875097e8c596761dfeaea4566c3.jpg,249000,5.0,6.0,1,933
277880869,Áo Thun Unisex - Oversize Chất 100% Cotton 2 chiều Dày 250gsm | Nam Nữ Mặc Siêu Đẹp,"ÁO THUN UNISEX 250GSM – FORM RỘNG THỜI TRANG GEN Z – SURE FASHIONBạn đang tìm một chiếc áo thun unisex cotton 100% chất lượng cao, dày dặn – nhưng vẫn thoáng mát, bền đẹp và dễ phối đồ?Sure Fashion m...",https://salt.tikicdn.com/cache/280x280/ts/product/b5/c1/93/90b8ba8e894db21a6c71a781202f1421.jpg,168000,5.0,5.0,1,933
277880869,Áo Thun Unisex - Oversize Chất 100% Cotton 2 chiều Dày 250gsm | Nam Nữ Mặc Siêu Đẹp,"ÁO THUN UNISEX 250GSM – FORM RỘNG THỜI TRANG GEN Z – SURE FASHIONBạn đang tìm một chiếc áo thun unisex cotton 100% chất lượng cao, dày dặn – nhưng vẫn thoáng mát, bền đẹp và dễ phối đồ?Sure Fashion m...",https://salt.tikicdn.com/cache/280x280/ts/product/b5/c1/93/90b8ba8e894db21a6c71a781202f1421.jpg,168000,5.0,5.0,1,933
277880869,Áo Thun Unisex - Oversize Chất 100% Cotton 2 chiều Dày 250gsm | Nam Nữ Mặc Siêu Đẹp,"ÁO THUN UNISEX 250GSM – FORM RỘNG THỜI TRANG GEN Z – SURE FASHIONBạn đang tìm một chiếc áo thun unisex cotton 100% chất lượng cao, dày dặn – nhưng vẫn thoáng mát, bền đẹp và dễ phối đồ?Sure Fashion m...",https://salt.tikicdn.com/cache/280x280/ts/product/b5/c1/93/90b8ba8e894db21a6c71a781202f1421.jpg,168000,5.0,5.0,1,933
117888812,Áo Thun Cá Sấu Nữ Có Cổ,"       Áo thun nữ có cổ - Thiết kế cổ điển   chất vải cotton cá sấu, thiết kế mới nhất năm 2018 - mang đến trải nghiệm mặc thoải mái tối đa nhất cho người dùng. hứa hẹn là mẫu áo thun có cổ vải c...",https://salt.tikicdn.com/cache/280x280/ts/product/bb/18/4e/0bdbe342c2d1848872fea6b3d7045b38.jpg,99000,5.0,5.0,1,933
105104463,"Áo thun nữ vải cá sấu co giãn 4 chiều, kiểu may cao cấp cổ bẻ, tay bo, có xẻ lai - Màu đen","       - Áo có trụ cổ bẻ, vải cá sấu co giãn 4 chiều, dày vừa. Chất vải co giãn tốt, bền màu.   - Cổ bẻ, tay bo, form chuẩn đẹp tôn dáng người.   - Kiểu may cao cấp, đường may đẹp theo tiêu chuẩ...",https://salt.tikicdn.com/cache/280x280/ts/product/b1/66/67/9523aa52657640f9c6f94243c3ac43f2.jpg,99000,5.0,5.0,1,933
186105036,"Áo 2 Dây New Design Thiết Kế Cổ V Gợi Cảm, Kiểu Áo Nữ Hiện Đại , Vải Lụa Hàn Quốc Trơn, Nhiều Màu, Mịn ,Thoáng Mát  AO0002","-New Design chuyên hàng thiết kế những mẫu chân váy đẹp, mới lạ, thanh lịch công sở, văn phòng, hẹn hò đều đẹp.Nay Shop giới thiệu cùng bạn mẫu Áo hai dây trẻ trung, cá tính, tôn dáng, sáng da.-Sản ...",https://salt.tikicdn.com/cache/280x280/ts/product/ea/e0/5e/1b051a6920d500884daea0d2f3f140a9.jpg,199000,3.8,36.0,1,933
14837844,Đầm Elizabet Sang Chảnh,"Thiết kế trẻ trung phù hợp với nhiều lứa tuổiĐường may tinh tế, tỉ mỉ, chắc chắnForm ôm co giãn tạo cảm giác thoải mái khi mặcChất liệu ren cao cấp, mềm mại co giãn và thấm hút mồ hôi tốt...",https://salt.tikicdn.com/cache/280x280/ts/product/c8/92/5e/cd7233e7a9e6ec0a2efb1e846b4c60ba.jpg,165000,3.8,577.0,1,941
42559444,Đầm Hoa Tay Lỡ Xinh Xắn DN064 MayHomes,"Đầm Hoa Tay Lỡ Xinh Xắn DN064 MayHomes Thông tin sản phẩm:- Tên sản phẩm: Đầm Hoa Tay Lỡ Xinh Xắn DN064 MayHomes- Chất liệu: xô lụa cao cấp- Màu chủ đạo: đen, trắng, nâu- Kiểu dáng: Đầm form xò...",https://salt.tikicdn.com/cache/280x280/ts/product/95/dc/e9/fc90bb211967f7f411967193584295f7.png,179000,4.5,162.0,1,941
42559483,"Đầm Ren Tay Ngắn Kiểu Dáng Dễ Thương DN020 MayHomes, Kiểu Dáng Xinh, Gợi Cảm, Vải Bền Đẹp, Đường May Khéo Léo ","Đầm Ren Tay Ngắn Kiểu Dáng Dễ Thương DN020 MayHomes, Kiểu Dáng Xinh, Gợi Cảm, Vải Bền Đẹp, Đường May Khéo Léo Thông tin sản phẩm:- Tên sản phẩm: Đầm Ren Tay Ngắn Kiểu Dáng Dễ Thương DN020 MayHomes...",https://salt.tikicdn.com/cache/280x280/ts/product/7c/5e/b7/4718fd64f4e9379688d85c7cdf8bc887.png,159000,5.0,90.0,1,941
201160788,"Đầm Ren Tay Ngắn Cổ Gợn Sóng DN089 MayHomes Kiểu Dáng Xinh, Gợi Cảm, Vải Bền Đẹp, Đường May Khéo Léo","Đầm Ren Tay Ngắn Cổ Gợn Sóng DN089 MayHomes Kiểu Dáng Xinh, Gợi Cảm, Vải Bền Đẹp, Đường May Khéo Léo  Thông tin sản phẩm:- Tên sản phẩm: Đầm Ren Tay Ngắn Cổ Gợn Sóng DN089 MayHomes Kiểu Dáng Xinh...",https://salt.tikicdn.com/cache/280x280/ts/product/f7/35/88/a0b05692da5b89898151da70099d2e80.png,150000,4.8,48.0,1,941
52244246,ĐẦM MAXY HOA NHÍ HOT TREND,"ĐẦM MAXY HOA NHÍ HOT TRENDHàng Thiết kế trẻ trung, tinh tế hợp thời trang phù hợp với nhiều lứa tuổiĐường may tinh tế, tỉ mỉ, chắc chắnForm suông rộng tạo cảm giác thoải mái khi mặcChất liệu xogen...",https://salt.tikicdn.com/cache/280x280/ts/product/11/ce/97/f3001b2953e8fbbe2e333e3711dd7154.jpg,176000,4.0,103.0,1,941
201160879,Đầm Xinh Hoa Nhí Hai Dây Dễ Thương DN088 MayHomes Váy Hoa Nhỏ Xinh Duyên Dáng,"Đầm Xinh Hoa Nhí Hai Dây Dễ Thương DN088 MayHomes Váy Hoa Nhỏ Xinh Duyên Dáng  Mô tả sản phẩm:- Đầm Xinh Hoa Nhí Hai Dây Dễ Thương DN088 MayHomes Váy Hoa Nhỏ Xinh Duyên Dáng: dễ thương, cuốn hút n...",https://salt.tikicdn.com/cache/280x280/ts/product/b0/f5/44/74d09b9c11b9b5922fe70c1c75e1f9df.png,99000,5.0,24.0,1,941
52670135,"Váy maxi xòe voan đẹp trơn màu, đầm đi biển có bèo xinh xắn, dễ mặc, có size lớn | MX017","- Đầm xòe voan trơn màu tay bèo được thiết kế thanh nhã với kiểu đầm body vừa vặn với người, trẻ trung, sang trọng, che khuyết điểm tốt.- Chất voan hoa cao cấp cho cảm giác mềm mại, thoáng mát và vô ...",https://salt.tikicdn.com/cache/280x280/ts/product/24/6d/61/a054afae3188ae3e92516b1ebd33c863.jpg,320000,4.5,58.0,1,941
42190578,Đầm dạ hội xéo vai ,"Chất liệu thun Umi co giãn , ôm len phom đẹp Độ dài 145 cm Có dây kéo chìm phía sau lưng Đính cườm thủ công khéo léo ....",https://salt.tikicdn.com/cache/280x280/ts/product/67/e6/70/d7780d1e366f83437deee01447c952d8.jpg,629000,5.0,12.0,1,941
14837927,Váy Yếm Xinh Xắn,"Thiết kế trẻ trung phù hợp với nhiều lứa tuổiĐường may tinh tế, tỉ mỉ, chắc chắnForm ôm co giãn tạo cảm giác thoải mái khi mặcChất liệu ren cao cấp, mềm mại co giãn và thấm hút mồ hôi tốt...",https://salt.tikicdn.com/cache/280x280/ts/product/f1/8b/cf/c0f6bc55cdbb6f55b91ea739f23c5c87.jpg,189000,4.7,34.0,1,941
47262003,Đầm Hoa Cổ V Tay Ngắn Dễ Thương DN069 MayHomes,"Đầm Hoa Cổ V Tay Ngắn Dễ Thương DN069 MayHomesMô tả sản phẩm:- Size (tùy chiều cao): S (40~46Kg), M (46~49Kg), L (50~53Kg), XL (53-56Kg);- Tên sản phẩm: Đầm Hoa Cổ V Tay Ngắn Dễ Thương DN069 MayHom...",https://salt.tikicdn.com/cache/280x280/ts/product/c6/bc/a9/971299c24c9e2ea8d2b4fff550a7365a.png,158000,4.6,40.0,1,941
61416569,"Đầm Ngắn Hoa Cúc Nhí Xinh, Váy Hoa Xinh Mẫu Mới DN086 MayHomes, Thời Trang Dễ Thương","Đầm Ngắn Hoa Cúc Nhí Xinh, Váy Hoa Xinh Mẫu Mới DN086 MayHomes, Thời Trang Dễ Thương  Mô tả sản phẩm:- Đầm Ngắn Hoa Cúc Nhí Xinh, Váy Hoa Xinh Mẫu Mới DN086 MayHomes, Thời Trang Dễ Thương: dễ thươn...",https://salt.tikicdn.com/cache/280x280/ts/product/77/df/73/6082dc48190c2b1d112b600cdfc69ef3.png,99000,5.0,9.0,1,941
146635392,"Áo sơ mi váy dáng dài, chất liệu đũi mềm mịn, áo váy nữ, form dài rộng kiểu Hàn Quốc, NeSa Shop AKH.35","       Áo sơ mi váy dáng dài, chất liệu đũi mềm mịn, áo váy nữ, form dài rộng kiểu Hàn Quốc.    THÔNG TIN SẢN PHẨM:   1.Tên sản phẩm: Áo sơ mi váy dáng dài, chất liệu đũi mềm mịn, áo váy nữ, for...",https://salt.tikicdn.com/cache/280x280/ts/product/86/2e/95/655263493a0bb76eb5c8da6ead1a7042.jpg,179000,4.5,46.0,1,941
136019920,ĐẦM VINTAGE TAY PHỒNG MYMY,"Size S  M L XL Phom dáng chuẩn đẹp,Chất liệu: VẢI  dày dặn, dễ chịu,Là mẫu thiết kế của Thời trang bobo nên đường kim mũi chỉ sắc xảo, chị em công sở không cần ngại không hợp nhé.Cam Kết⇔  Nhận h...",https://salt.tikicdn.com/cache/280x280/ts/product/2e/c7/ab/110f7eb5433ce0cdb5c6f7a97e66b15c.jpg,159000,5.0,6.0,1,941
105673810,"Đầm xoè nữ kẻ sọc, đầm vải thun co giãn 4 chiều D83","       Thiết kế đầm cổ tròn   Mang lại vẻ thanh lịch, trẻ trung   Có thể mặc đi làm, đi chơi, dạo phố,…   S ( <43KG) , M (43-48KG); L (48-52KG); XL(53-57KG); XXL (57-60KG);   ...",https://salt.tikicdn.com/cache/280x280/ts/product/dd/db/59/8b268345d96c27c9149057975cd3002c.jpg,149000,5.0,5.0,1,941
185919189,"Váy sơ mi dáng dài đi biển, đầm nữ đi chơi dạo phố đẹp sang chảnh chất đũi mềm mát Da161","""Shop chuyên cung cấp quần âu, áo sơ mi, áo kiểu, chân váy, đầm thiết kế với giá cực hợp lý và uy tín trên thị trường, chất lượng đảm bảo.Uy tín luôn đặt lên hàng đầu để tương lai luôn phát triểnTư ...",https://salt.tikicdn.com/cache/280x280/ts/product/63/46/fb/5005e240acf6494c8baed5fb5bfdffc9.jpg,350000,5.0,4.0,1,941
107540897,ĐẦM ELIZABET MẪU MỚI SANG CHẢNH CÓ HAI MÀU,"Phom dáng ao chuẩn đẹp Là mẫu thiết kế với đường kim mũi chỉ sắc xảo, chị em công sở không cần ngại không hợp nhé....",https://salt.tikicdn.com/cache/280x280/ts/product/89/91/4c/29d9d5ff50d865692d60eb80a20839e0.jpg,165000,4.5,42.0,1,941
57318339,Đầm Dạ Hội Trọng MS 122,"MẪN DUYÊN | MS 122 – ĐẦM DỰ TIỆC TRỄ VAI LAI LOE DẠ HỘIChất thun Laza cao cấp, co giãn nhẹ, mặc êm mượt cực tôn dángThiết kế trễ vai quyến rũ, lai loe nhẹ nhàng, tôn vẻ sang chảnh và quý pháiHai màu s...",https://salt.tikicdn.com/cache/280x280/ts/product/fb/ed/76/5a1fab21519e8cb3cf9263a45274587b.jpg,399000,4.6,34.0,1,941
194063281,"Đầm suông nữ Haint Boutique, đầm cổ tàu chất đũi mát, thời trang trẻ cho phái nữ Da80","""Shop chuyên cung cấp quần âu, áo sơ mi, áo kiểu, chân váy, đầm thiết kế với giá cực hợp lý và uy tín trên thị trường, chất lượng đảm bảo.Uy tín luôn đặt lên hàng đầu để tương lai luôn phát triển...",https://salt.tikicdn.com/cache/280x280/ts/product/05/db/47/626eb07fb9079d24e68b28b5fa6ddce5.jpg,350000,5.0,3.0,1,941
56307223,"Đầm maxi xẻ tà dàng dài, họa tiết hoa nhí màu đẹp, chất voan tơ cao cấp, váy 2 kiểu mặc: 2 dây và vai trần | MX056","- Thêm một mẫu đầm maxi dáng dài thướt tha cho chị em cực xinh.- Có thể mặc đi biển, du lịch hay dự tiệc đều rất sang trọng, nổi bật.- Thiết kế đặc biệt với 2 cách mặc: Đầm 2 dây hoặc Vai trần quyến...",https://salt.tikicdn.com/cache/280x280/ts/product/a0/7f/51/c9099fe0d15d7e04172aeaa12c09c9fb.jpg,280000,5.0,3.0,1,941
106043930,Đầm Lụa 2 Dây Sexy Lady Nature Miley Lingerie DSS0111,                                                     Đầm lụa hai dây sexy LADY NATURE [DSS0111]+ Thiết kế dáng suông sang trọng và thanh lịch + Cổ áo chữ V khoét vừa phải kết hợp với chi tiết 2 dây ...,https://salt.tikicdn.com/cache/280x280/ts/product/33/8d/7d/c441f50620536e152238ec738a1c45c4.png,550000,5.0,2.0,1,941
4382605,Quần Dài Jogger Nam Phối Sọc 1041,Chất liệu thun da cá mềm và mátBo lưng thun có dây rút phù hợp với nhiều cỡ bụngCó bo chân giữ ấmQuần có 4 size Size M: dưới 50kg cao dưới 1m75Size L: dưới 65kg cao dưới 1m78Size XL: dưới 75kg cao dướ...,https://salt.tikicdn.com/cache/280x280/ts/product/c5/d1/c2/2fb020ca3424cdce63afd36ef6fba87e.jpg,119000,4.1,1229.0,1,27562
42424755,Quần Jogger Nam Thể Thao - Quần Nỉ Nam QD1 Lót Lông Cao Cấp Chính Hãng,"Quần Jogger Nam Thể Thao QD1Quần Nỉ Nam Lót Lông Cao CấpChính hãngD Danido StoreMùa đông tới với những đợt lạnh tăng cường, đặc biệt với những đợt gió mùa ở miền Bắc với cái lạnh thấu xương; việc ...",https://salt.tikicdn.com/cache/280x280/ts/product/76/dd/b5/fb2177fe0d84bebc24d8ee93778a26f0.jpg,300000,4.6,670.0,1,27562
111972654,Quần Túi Hộp Tháo Ống US ARMY U880 Chuyên Phượt Chất Vải Gió Cao Cấp Mau Khô Ống Có Thể Tháo Rời Làm Quần Short -HÀNG CHÍNH HÃNG,CAM KẾT CỦA USARMY:BẢNG SIZE CHUẨN THEO SỐ ĐO NGƯỜI VIỆT NAM.HOÀN 100% GIÁ TRỊ ĐƠN HÀNG NẾU KHÔNG GIỐNG MÔ TẢHỖ TRỢ MIỄN PHÍ ĐỔI - TRẢ SẢN PHẨM MỌI TRƯỜNG HỢPTHÔNG TIN SẢN PHẨM:+ Tên sản phẩm: Q...,https://salt.tikicdn.com/cache/280x280/ts/product/39/12/ee/079d405fad16002f40a7f4206ab9ce5d.jpg,699000,4.5,367.0,1,27562
111560211,Quần Túi Hộp Nam Kaki Thời Trang Phong Cách Thể Thao US678 Chất Vải Kaki Cao Cấp Phong Cách Lính- HÀNG CHÍNH HÃNG,CAM KẾT CỦA USARMY:BẢNG SIZE CHUẨN THEO SỐ ĐO NGƯỜI VIỆT NAM.HOÀN 100% GIÁ TRỊ ĐƠN HÀNG NẾU KHÔNG GIỐNG MÔ TẢHỖ TRỢ MIỄN PHÍ ĐỔI - TRẢ SẢN PHẨM MỌI TRƯỜNG HỢPTHÔNG TIN SẢN PHẨM:+ Tên sản phẩm: Q...,https://salt.tikicdn.com/cache/280x280/ts/product/7f/24/d6/bb72bd4e447a082c6a6989021153e8ac.jpg,658000,4.8,166.0,1,27562
193981069,Quần Jean nam Leman đen mài xám JD14 - Slim Form,"Review Quần jean nam Leman đen mài xám JD14Đôi điều Bạn nên biết về Quần Jean nam Leman đen mài xám JD14 - Slim Form - Chính sách Đổi và Trả Sản phẩm trong vòng 60 ngày, cho bất kỳ sản phẩm nào đặt...",https://salt.tikicdn.com/cache/280x280/ts/product/c8/e3/11/a6c1f978f6df43e5e77c290be5944bf1.jpg,549000,5.0,93.0,1,27562
193978418,Quần Jean nam Leman xám khói trơn JD13 - Slim Form,"Review Quần jean nam Leman màu xám khói JD13Vì sao Bạn nên mua Quần Jean nam Leman màu xám khói JD13 - Slim Form - Chính sách Đổi và Trả Sản phẩm trong vòng 60 ngày, cho bất kỳ sản phẩm nào đặt mua...",https://salt.tikicdn.com/cache/280x280/ts/product/d3/54/f4/010b4b64dcfe9a2db493ca00e6fbb35b.jpg,549000,5.0,65.0,1,27562
112086654,"Quần Túi Hộp Nam Lính Mỹ US ARMY U768 Cao Cấp, Chất Liệu Vải Kaki,Bền Màu, Ống Rộng Phong Cách, Thiết kế Túi Hộp- HÀNG CHÍNH HÃNG",CAM KẾT CỦA USARMY:BẢNG SIZE CHUẨN THEO SỐ ĐO NGƯỜI VIỆT NAM.HOÀN 100% GIÁ TRỊ ĐƠN HÀNG NẾU KHÔNG GIỐNG MÔ TẢHỖ TRỢ MIỄN PHÍ ĐỔI - TRẢ SẢN PHẨM MỌI TRƯỜNG HỢPTHÔNG TIN SẢN PHẨM:+ Tên sản phẩm: Q...,https://salt.tikicdn.com/cache/280x280/ts/product/0b/01/6f/60da2907c8adc8e2ee1d0aecda354bda.jpg,1000000,4.8,92.0,1,27562
110477285,Quần tây nam Novelty 0Ply 1804530 màu xám nhạt,"Quần tây nam Novelty 0Ply 1804530 màu xám nhạt Form Regular Fit  được may từ chất liệu vải 75% Polyester;25% Rayon, kết cấu vải tốt, thiết kế tối giản, kiểu dáng trẻ trung mang đến sự thanh lịch, chuy...",https://salt.tikicdn.com/cache/280x280/ts/product/b9/ba/28/65d881a2795d4ec65d2c2c5612cea9ef.jpg,449000,5.0,51.0,1,27562
193987820,Quần Jean nam Leman xanh mài xước trơn JD15 - Slim Form Tôn Dáng,"Review quần jean nam Leman xanh mài xước JD15Đôi điều Bạn nên biết về Quần Jean nam Leman xanh mài xước JD15 - Slim Form - Chính sách Đổi và Trả Sản phẩm trong vòng 60 ngày, cho bất kỳ sản phẩm nào...",https://salt.tikicdn.com/cache/280x280/ts/product/b8/62/5e/7d4221b7800b9b15dceee7abcb1e30ea.jpg,549000,4.8,60.0,1,27562
174001966,Quần Jean nam Leman xanh trơn JD03 - Slim Form,"Review Quần Jean nam Leman xanh trơn JD03 - Slim Form Vì sao Bạn nên chọn Quần Jean nam Leman xanh trơn JD03 - Slim Form - Chính sách Đổi và Trả Sản phẩm trong vòng 60 ngày, cho bất kỳ sản phẩm nào...",https://salt.tikicdn.com/cache/280x280/ts/product/fc/5b/f1/d864bc629dd275d13233a4931aa8e61a.png,549000,5.0,24.0,1,27562
102531428,Quần âu nam Hiền Trần BOUTIQUE công sở chất vải chéo 79 cao cấp,"Hiền Trần BOUTIQUE Official CAM KẾT:- Chất lượng luôn là hàng đầu để shop có thể phát triển thương hiệu và vươn xa.- Sản phẩm hình thật 100%.- Đổi trả trong vòng 7 ngày nếu sản phẩm lỗi, sai mẫu ch...",https://salt.tikicdn.com/cache/280x280/ts/product/c6/2a/62/0ffc3c3089b91f1a07e62bc4b79373c9.jpg,499000,5.0,12.0,1,27562
276897852,"Quần dài nam ống suông, cạp có dây rút khuy cài, lịch lãm, sang trọng, phong cách Hàn Quốc qd11",Quần Nam Chất Đũi Linen Dài Dáng Đứng Ống Rộng Vải Cao Cấp Mịn Đẹp Co Giãn Nhẹ Không Xù Lông Không Bai Gião Đây là sản phẩm quần linen CHÍNH HÃNG XƯỞNG 100% Cam kết GIÁ CẢ và CHẤT LƯỢNG luôn tốt Top ...,https://salt.tikicdn.com/cache/280x280/ts/product/06/da/f9/222062b7e1a7eb29031878379200142f.jpg,350000,5.0,9.0,1,27562
262051471,"Quần dài tập gym nam DO GYM SHOP logo thêu, thun co giãn 4 chiều thoáng mát","Thông tin về sản phẩm quần dài tập gym nam DOGYMSHOP QGQD12- Chất liệu: thun poly co giãn 4 chiều, không xù lông.- Logo: thêu- Màu sắc: đen, xám, trắng, đỏ, xanh đen, xám tiêu, đen logo đen, đen logo...",https://salt.tikicdn.com/cache/280x280/ts/product/0b/40/0a/3f71154f7e699eb438f79d61fa73cdba.jpg,189000,5.0,9.0,1,27562
173998725,Quần Jean nam Leman xanh rách JD06 - Slim Form,"Thương hiệu: LeManXuất xứ: Việt NamChất Liệu Vải Cao cấp: DenimMàu sắc: Xanh rách 06 - Slim FormThích hợp: 4 mùaMÔ TẢ SẢN PHẨM: Có 2 phần (chất liệu, kiểu dáng)Chất Vải Cao cấp :Vải Jean Denim ...",https://salt.tikicdn.com/cache/280x280/ts/product/34/75/23/bb71adca075142c568df7f8813d4340e.png,549000,5.0,8.0,1,27562
180853362,"(LOẠI TỐT) Đèn led trợ sáng xe máy 2 màu cốt pha B.M.A bi cầu bản đặc biệt 4 chế độ mẫu mới hàng víp siêu gom , phụ kiện xe máy",ĐÈN TRỢ SÁNG XE MÁY 2 MÀU SIÊU SÁNG M.A BẢN ĐẶC BIỆTHÀNG CHỈ DÀNH CHO KHÁCH SIÊU VÍP - ĐÈN 2 MÀU SÁNG CỰC MẠNH - CHỐNG NƯỚC TUYỆT ĐỐI - ĐÈN DUY NHÂT CÓ 4 CHẾ ĐỘ SÁNGNói về độ xe thì chắc hẳn đối với...,https://salt.tikicdn.com/cache/280x280/ts/product/1c/8c/0a/8597f886f893ad586899dd4f51a3dcce.jpg,267000,5.0,8.0,1,27562
157117410,Quần Nam Harem ống côn phong cách Hàn Quốc - T0205,"Quần Nam Harem ống côn phong cách Hàn Quốc - T0205Chất liệu: Vải Polyester ( co giản )Kiểu dáng mới nhất Quần Harem xu thế thời trang tại Hàn Quốc , dáng côn cực phong cách, đi trước xu thế thời tr...",https://salt.tikicdn.com/cache/280x280/ts/product/37/b3/b7/4020c9b8275ff97d5aec892d53d4cfb4.jpg,250000,5.0,7.0,1,27562
249724558,Quần Jean nam cao cấp ống đứng kazata màu xanh rêu vải xuất khẩu xướt nhẹ dáng slimfit vải co giãn,"Chất vải co giãn, mềm mịn, dầy dặn, quần jean nam ống suông slimfit sẽ tôn lên vẽ đẹp của người bận.Dáng quần ống đứng, bận rất là thoải mái. ống quần từ 17-18-20 cm, tuỳ theo size.- Kiểu dáng quần ...",https://salt.tikicdn.com/cache/280x280/ts/product/cd/4b/32/d8c22efe32ad1e80cdcd9c5dd80be456.jpg,410000,5.0,5.0,1,27562
249723132,Quần Jean nam cao cấp ống đứng kazata màu xanh trung vải xuất khẩu xướt nhẹ dáng slimfit vải co giãn,"Chất vải co giãn, mềm mịn, dầy dặn, quần jean nam ống suông slimfit sẽ tôn lên vẽ đẹp của người bận.Dáng quần ống đứng, bận rất là thoải mái. ống quần từ 17-18-20 cm, tuỳ theo size.- Kiểu dáng quần ...",https://salt.tikicdn.com/cache/280x280/ts/product/3d/a5/05/9c13b3ac9ce8075aace482bc41eb73df.jpg,410000,5.0,5.0,1,27562
276664685,"Quần gió lót lông QD2 ấm áp thời trang cho nam, Quần nỉ jogger lót lông QD1 sang trọng và dày dặn D Danido","Quần gió lót lông QD2 ấm áp thời trang cho nam, Quần nỉ jogger lót lông QD1 sang trọng và dày dặn Chính hãng D DanidoD Danido Store tự hào mang đến hai dòng sản phẩm chủ đạo cho mùa đông: Quần...",https://salt.tikicdn.com/cache/280x280/ts/product/9b/bb/e5/2a6b5b49db71e2c2f298073ccfb296d0.jpg,370000,5.0,5.0,1,27562
276579860,"Quần dài nam dáng suông basic, thiết kế khuy khóa trước kèm dây rút và bản lưng chu phía sau, thời thượng, phong cách",Quần Nam Chất Đũi Linen Dài Dáng Đứng Ống Rộng Vải Cao Cấp Mịn Đẹp Co Giãn Nhẹ Không Xù Lông Không Bai Gião Đây là sản phẩm quần linen CHÍNH HÃNG XƯỞNG 100% Cam kết GIÁ CẢ và CHẤT LƯỢNG luôn tốt Top ...,https://salt.tikicdn.com/cache/280x280/ts/product/63/03/15/250bd4b8e61ff0658fdb92b9a13f2d50.jpg,350000,5.0,4.0,1,27562
70816541,"COMBO 5 quần đùi nữ May 10, quần mặc nhà, quần ngủ","Chất liệu CottonQuần đùi nữ May10 mang đến cho bạn sự thoải mái trong vận động, Chất liệu Cotton tạo sự yêu thích khi sử dụngSản phẩm khuyến mại, đồ lót, quần đùi KHÔNG áp dụng đổi hàng sau khi thanh ...",https://salt.tikicdn.com/cache/280x280/ts/product/82/6a/35/5168076382def8ed6f45e3503efd4653.jpg,135000,4.6,3524.0,1,27600
42712220,Quần Jean Nữ Lưng Cao Skinny Aaa Jeans,Thông tin sản phẩm Quần jean nữ lưng caoĐây là tập hợp các sản phẩm quần jean nữ lưng cao bán chạy nhất của Aaa Jeans. Chúng tôi nhóm các sản phẩm này để giúp khách hàng thuận tiện hơn trong việc lựa...,https://salt.tikicdn.com/cache/280x280/ts/product/4d/62/cb/71f753c8ea4f689b7adbbb5c40c1039d.jpg,650000,4.6,1282.0,1,27600
169307799,"Quần baggy nữ Hiền Trần BOUTIQUE ống đứng, phom dáng Hàn Quốc màu đen xám, đồ công sở đi học","Hiền Trần BOUTIQUE Official CAM KẾT:- Chất lượng luôn là hàng đầu để shop có thể phát triển thương hiệu và vươn xa.- Sản phẩm hình thật 100%.- Đổi trả trong vòng 7 ngày nếu sản phẩm lỗi, sai mẫu ch...",https://salt.tikicdn.com/cache/280x280/ts/product/67/ea/39/9214eafb73e017aa31ceb17cad8a79c7.jpg,350000,5.0,62.0,1,27600
119125984,Quần Ống Rộng Sapphire Blue Aaa Jeans,"Mô tả sản phẩmƯu điểm nhất của quần ống rộng là tạo hiệu ứng kéo dài chân, che khuyết điểm, cân bằng vóc dáng cho hầu hết các dáng người.Phần lưng cao cũng là một điểm cộng lớn cho chiếc quần này b...",https://salt.tikicdn.com/cache/280x280/ts/product/5c/93/61/6bb2f03fffd4eea34014c0e4e85f25a1.jpg,650000,5.0,35.0,1,27600
173206437,Quần ống rộng Hiền Trần BOUTIQUE lưng cạp cao 2 cúc baggy vải nữ dài suông loe culottes màu đen,"*Hiền Trần BOUTIQUE Official CAM KẾT:- Chất lượng luôn là hàng đầu để shop có thể phát triển thương hiệu và vươn xa.- Sản phẩm hình thật 100%.- Đổi trả trong vòng 7 ngày nếu sản phẩm lỗi, sai mẫu c...",https://salt.tikicdn.com/cache/280x280/ts/product/08/f5/8b/b31adc7e17dad94f07b6221517345c63.jpg,350000,5.0,32.0,1,27600
20161951,Quần Tây Ống Rộng,"Chất lượng cam kết bền, đẹp,Quần baggy ống rộng mặc thoáng mát vào mùa hè.Quần baggy ống rộng phù hợp với nhiều phong cách phối đồ: đi chơi, đi học, đi làm đều đẹp4 màu : Đen , Nâu , Đỏ Đô , Cam Đất...",https://salt.tikicdn.com/cache/280x280/ts/product/4d/c8/d0/8c36ad71ec9c659015bbe5f87a466fc1.jpg,249000,5.0,22.0,1,27600
150213680,Quần Jean Ống Rộng Indigo Aaa Jeans,Mô tả sản phẩmQuần jean ống rộng sẽ giúp chiều cao của bạn được “ăn gian” đáng kể với hiệu ứng kéo dài chân và che khuyết điểm đặc trưng của kiểu quần này.Lưng cao ôm gọn phần eo nhưng vẫn giữ được...,https://salt.tikicdn.com/cache/280x280/ts/product/29/7b/b2/9b4ef1f5b7860377bdf25e255c13cf6c.jpg,650000,5.0,19.0,1,27600
54852797,Quần Short Thể Thao Nữ Lưng Cao Vải Dệt Cao Cấp,"Quần Đùi Cạp Cao tập GYM,YOGA,co giãn 4 chiều , thấm hút cực tốt tạo cảm giác thoải mái cho người mặc.Khả năng thấm hút mồ hôi nhanh, vải mềm mịn. Không đổ lông , không ra màu , không bị giãn , có kh...",https://salt.tikicdn.com/cache/280x280/ts/product/00/bc/d9/07995768bca58fdff11f310a540125dc.jpg,179000,5.0,13.0,1,27600
186862741,Quần đùi cho mẹ Đen chéo Hàn - AICDMEIEXNEP - AIN Closet,"  THÔNG TIN CHI TIẾT SẢN PHẨM:  - Quần đùi Đen- Lưng quần thun tạo sự thoải mái cho mẹ  - Size: 39-70kg  - Chất liệu:   Vải chéo Hàn -   dày dặn, lại rất nhẹ nhàng, mềm mại và thấm hút mồ hôi tố...",https://salt.tikicdn.com/cache/280x280/ts/product/69/ab/1f/29d6196dca488643d01243ff44634166.jpg,260000,5.0,12.0,1,27600
53833594,Quần baggy công sở Haint Boutique QT34,"Quần được may từ chất liệu cao cấp cho cảm giác mềm mại, thoáng mát và vô cùng dễ chịu khi mặc. Dễ dàng bảo quản giặt ủi, chất liệu mau khô, ít nhăn, không cần ủi. Màu sắc  nhẹ nhàng giúp phái đẹp...",https://salt.tikicdn.com/cache/280x280/ts/product/04/5a/e1/950f91abb396bba925c1779dd62c7674.jpg,200000,5.0,11.0,1,27600
272427125,"Bộ may vá thu nhỏ thắt lưng, thu hẹp eo quần jean kaki quần lưng thun kim chỉ nút dụng cụ luồn chun Legaxi","THÔNG TIN SẢN PHẨM Chất liệu: Polyester, giấy, nhựa, hợp kim Bộ sản phẩm gồm:- 1 đoạn thun dài 10cm hoặc 22cm (chưa co giãn), rộng 2.8cm- 1 bộ kim chỉ đủ màu - 1 dụng cụ luồn thun dài 7.5cm- 4 nút đườ...",https://salt.tikicdn.com/cache/280x280/ts/product/56/05/ba/169268aefcdc38ef87542fc884a8d7ae.jpg,13000,5.0,10.0,1,27600
207272740,"Quần ống rộng, chất liệu vải mát dày đẹp, quần kiểu nữ form rộng rãi, thoải mái NeSa Shop QKH.39","Quần nữ ống rộng, chất liệu Linen loại 1, quần kiểu nữ form rộng rãi, thoải mái.THÔNG TIN SẢN PHẨM: 1. Tên sản phẩm: Quần nữ ống rộng, quần kiểu nữ form rộng NeSa Shop.2. Đặc điểm của: Quần nữ ống rộn...",https://salt.tikicdn.com/cache/280x280/ts/product/9e/50/53/2ab47c72af1c71bcb942e51f9508ae32.jpg,229000,5.0,10.0,1,27600
162047969,"Quần ống loe lưng cao 2 cúc chất vải trượt Thái co giãn nhẹ, tạo dáng sành điệu công sở tôn dáng ống vẩy nữ","Hiền Trần BOUTIQUE Official CAM KẾT:- Chất lượng luôn là hàng đầu để shop có thể phát triển thương hiệu và vươn xa.- Sản phẩm hình thật 100%.- Đổi trả trong vòng 7 ngày nếu sản phẩm lỗi, sai mẫu ch...",https://salt.tikicdn.com/cache/280x280/ts/product/5e/ee/b3/651433a62e98c9eca77ff7a04cd256f8.jpg,350000,5.0,9.0,1,27600
161408734,Quần ống loe Hiền Trần BOUTIQUE nữ lưng cạp cao co giãn vải Umi Hàn co giãn tốt dáng dài ,"Hiền Trần BOUTIQUE Official CAM KẾT:- Chất lượng luôn là hàng đầu để shop có thể phát triển thương hiệu và vươn xa.- Sản phẩm hình thật 100%.- Đổi trả trong vòng 7 ngày nếu sản phẩm lỗi, sai mẫu ch...",https://salt.tikicdn.com/cache/280x280/ts/product/a6/9e/4a/392cb5059cf9ca6f537ca9eb630ffbab.jpg,350000,5.0,9.0,1,27600
76215849,Combo 2 Quần Lửng Legging 9 Tấc Thể Thao Nữ Vải Thun Lạnh Co Giãn 4 Chiều,"XUẤT XỨ: Việt NamCHẤT LIỆU: thun polyester pha spandex, co giãn 4 chiều tối đa, thoáng khí, hút mồ hôi tốt. Phù hợp cho mọi loại hình luyện tập, vận động.Phù hợp với bộ môn gym, yoga, aerobic, các ...",https://salt.tikicdn.com/cache/280x280/ts/product/45/f0/26/1197304a83e4ea3a79715c6c39aa131c.jpg,165000,5.0,8.0,1,27600
145289676,"Quần short nữ, Quần sooc nữ, Lưng cao phối nút trẻ trung vải kaki thun co giãn, thoáng mát New Design","-New design  chuyên hàng thiết kế những mẫu chân váy đẹp, mới lạ, thanh lịch công sở, văn phòng, hẹn hò.... Rất sang trọng dễ kết hợp với nhiều kiểu áo khác nhau xinh xắn hợp thời trang. -Sản phẩ...",https://salt.tikicdn.com/cache/280x280/ts/product/ab/d3/4f/2a26131e2d327180e43a7d44c5b0ce65.jpg,279000,5.0,7.0,1,27600
276893937,"Quần lửng ống rộng nữ Nesa Shop, chất liệu Đũi nhập loại 1, vải mát, mềm mịn, freesize dưới 55kg","Quần ống rộng đũi, chất liệu Đũi nhập loại 1, quần kiểu nữ form rộng rãi, thoải mái.:THÔNG TIN SẢN PHẨM1 Tên sản phẩm: Quần nữ ống rộng, quần kiểu nữ form rộng Nesa Shop.2. Quần nữ ống rộng kiểu dáng ...",https://salt.tikicdn.com/cache/280x280/ts/product/dd/e1/ee/2668b995ed031e933bce6ea3b19a4be4.jpg,99000,5.0,5.0,1,27600
276045003,QUẦN JOGGER NỮ VẢI DÙ CAO CẤP NHIỀU MÀU ĐA NĂNG,"QUẦN JOGGER NỮ VẢI DÙ CAO CẤPChất liệu : dù mềm mịn, thấm hút mồ hôi tốt, thoáng mát, tiện lợi cho người mặc. Kích cỡ: M, L XLSize M : 40-50Kg Size L : 50-59Kg Size XL: 60-68kgMàu: Đen.Hồng, Xá...",https://salt.tikicdn.com/cache/280x280/ts/product/3c/2a/1c/80d75c47ac503645e2c144c82f69a01d.jpg,199000,5.0,5.0,1,27600
278582518,"Quần ống rộng nữ, chất liệu vải mềm mịn, mát mẻ, Quần dài nữ form rộng thoải mái form 40-62 kg","Quần kiểu nữ ống suông, dài, chất liệu Lụa gió cao cấp, vải mềm mịn, quần nữ form rộng, thoải mái.THÔNG TIN SẢN PHẨM1 Tên sản phẩm: Quần kiểu nữ ống suông, dài, chất liệu mát, vải mềm mịn, quần nữ for...",https://salt.tikicdn.com/cache/280x280/ts/product/24/42/e9/9225c5bd5156758043f294a2053c6d3d.jpg,119000,5.0,5.0,1,27600
186862750,Quần đùi cho mẹ Xanh xi măng chéo Hàn - AICDMEJPWQEO - AIN Closet,"  THÔNG TIN CHI TIẾT SẢN PHẨM:  - Quần đùi Xanh xi măng- Lưng quần thun tạo sự thoải mái cho mẹ  - Size: 39-70kg  - Chất liệu:   Vải chéo Hàn -   dày dặn, lại rất nhẹ nhàng, mềm mại và thấm hút ...",https://salt.tikicdn.com/cache/280x280/ts/product/22/e9/6c/b64c55ae8ca5f3e51e4eae8fe2c66147.jpg,260000,5.0,5.0,1,27600
67538621,Combo 5 quần ĐÙI May 10 giao màu ngẫu nhiên,"Quần đùi MAY 10 loại set 5 chiếc Không túiMô tả: Cotton xịn, thấm hút mồ hôi tốt, mặc cực mát và thoải mái, may kỹ và đẹpSize quần đùi nam S : 50kg - 60kg M : 61kg - 70kg L : 71kg - 76kg XL : 78kg -...",https://salt.tikicdn.com/cache/280x280/ts/product/2b/55/75/ffbf63b5f6e5caaea24bc4f0c1e62725.jpg,135000,4.6,16614.0,1,67329
99958075,"Quần đùi short gió nam thể thao Basic trẻ trung năng động, thoáng mát co giãn 4 chiều MRM Manlywear","Quần đùi nam MR.M Ultra Sport. Chuyên dùng cho các hoạt động rèn luyện sức khỏe hoặc có thể sử dụng tại nhà như một chiếc quần ngủ đơn giản. Chất liệu Polyester cao cấp mềm mại, độ bền cao và co dãn...",https://salt.tikicdn.com/cache/280x280/ts/product/61/77/2d/ce09e98538dd363cb6f11369ab717cb5.jpg,199000,4.7,3293.0,1,67329
99968881,"Set 2 quần đùi nam, quần Short Gió nam thể thao Basic trẻ trung năng động, thoáng mát co giãn 4 chiều MRM Manlywear","Quần đùi nam MR.M Ultra Sport. Chuyên dùng cho các hoạt động rèn luyện sức khỏe hoặc có thể sử dụng tại nhà như một chiếc quần ngủ đơn giản. Chất liệu Polyester cao cấp mềm mại, độ bền cao và co dãn...",https://salt.tikicdn.com/cache/280x280/ts/product/72/b8/0a/ebee6db7d7f72acc112e73dbf9bd0c0e.jpg,399000,4.8,2503.0,1,67329
99968881,"Set 2 quần đùi nam, quần Short Gió nam thể thao Basic trẻ trung năng động, thoáng mát co giãn 4 chiều MRM Manlywear","Quần đùi nam MR.M Ultra Sport. Chuyên dùng cho các hoạt động rèn luyện sức khỏe hoặc có thể sử dụng tại nhà như một chiếc quần ngủ đơn giản. Chất liệu Polyester cao cấp mềm mại, độ bền cao và co dãn...",https://salt.tikicdn.com/cache/280x280/ts/product/72/b8/0a/ebee6db7d7f72acc112e73dbf9bd0c0e.jpg,399000,4.8,2503.0,1,67329
99968881,"Set 2 quần đùi nam, quần Short Gió nam thể thao Basic trẻ trung năng động, thoáng mát co giãn 4 chiều MRM Manlywear","Quần đùi nam MR.M Ultra Sport. Chuyên dùng cho các hoạt động rèn luyện sức khỏe hoặc có thể sử dụng tại nhà như một chiếc quần ngủ đơn giản. Chất liệu Polyester cao cấp mềm mại, độ bền cao và co dãn...",https://salt.tikicdn.com/cache/280x280/ts/product/72/b8/0a/ebee6db7d7f72acc112e73dbf9bd0c0e.jpg,399000,4.8,2503.0,1,67329
154298071,"Combo 2 quần đùi nam, quần Short Gió nam thể thao Họa Tiết Rằn Ri trẻ trung năng động, thoáng mát co giãn 4 chiều MRM Manlywear"," KIỂU DÁNG: SPORTCHI TIẾT:- Kiểu dáng thể thao với độ dài vừa phải phù hợp với mọi hoạt động thể thao hoặc có thể mặc nhà như 1 chiếc quần ngủ đơn giản.- Vải in chìm họa tiết rằn ri, mang phong...",https://salt.tikicdn.com/cache/280x280/ts/product/a8/6c/7a/ac098a406b929adc7578352c534ab2ee.jpg,399000,4.8,965.0,1,67329
154298071,"Combo 2 quần đùi nam, quần Short Gió nam thể thao Họa Tiết Rằn Ri trẻ trung năng động, thoáng mát co giãn 4 chiều MRM Manlywear"," KIỂU DÁNG: SPORTCHI TIẾT:- Kiểu dáng thể thao với độ dài vừa phải phù hợp với mọi hoạt động thể thao hoặc có thể mặc nhà như 1 chiếc quần ngủ đơn giản.- Vải in chìm họa tiết rằn ri, mang phong...",https://salt.tikicdn.com/cache/280x280/ts/product/a8/6c/7a/ac098a406b929adc7578352c534ab2ee.jpg,399000,4.8,965.0,1,67329
154298071,"Combo 2 quần đùi nam, quần Short Gió nam thể thao Họa Tiết Rằn Ri trẻ trung năng động, thoáng mát co giãn 4 chiều MRM Manlywear"," KIỂU DÁNG: SPORTCHI TIẾT:- Kiểu dáng thể thao với độ dài vừa phải phù hợp với mọi hoạt động thể thao hoặc có thể mặc nhà như 1 chiếc quần ngủ đơn giản.- Vải in chìm họa tiết rằn ri, mang phong...",https://salt.tikicdn.com/cache/280x280/ts/product/a8/6c/7a/ac098a406b929adc7578352c534ab2ee.jpg,399000,4.8,965.0,1,67329
154292862,"Quần đùi short gió nam thể thao Họa Tiết Rằn Ri trẻ trung năng động, thoáng mát co giãn 4 chiều MRM Manlywear"," KIỂU DÁNG: SPORTCHI TIẾT:- Kiểu dáng thể thao với độ dài vừa phải phù hợp với mọi hoạt động thể thao hoặc có thể mặc nhà như 1 chiếc quần ngủ đơn giản.- Vải in chìm họa tiết rằn ri, mang phong...",https://salt.tikicdn.com/cache/280x280/ts/product/69/aa/1b/1f0c8fbcf761a260fe06898eb9e0098f.jpg,199000,5.0,418.0,1,67329
154292862,"Quần đùi short gió nam thể thao Họa Tiết Rằn Ri trẻ trung năng động, thoáng mát co giãn 4 chiều MRM Manlywear"," KIỂU DÁNG: SPORTCHI TIẾT:- Kiểu dáng thể thao với độ dài vừa phải phù hợp với mọi hoạt động thể thao hoặc có thể mặc nhà như 1 chiếc quần ngủ đơn giản.- Vải in chìm họa tiết rằn ri, mang phong...",https://salt.tikicdn.com/cache/280x280/ts/product/69/aa/1b/1f0c8fbcf761a260fe06898eb9e0098f.jpg,199000,5.0,418.0,1,67329
154292862,"Quần đùi short gió nam thể thao Họa Tiết Rằn Ri trẻ trung năng động, thoáng mát co giãn 4 chiều MRM Manlywear"," KIỂU DÁNG: SPORTCHI TIẾT:- Kiểu dáng thể thao với độ dài vừa phải phù hợp với mọi hoạt động thể thao hoặc có thể mặc nhà như 1 chiếc quần ngủ đơn giản.- Vải in chìm họa tiết rằn ri, mang phong...",https://salt.tikicdn.com/cache/280x280/ts/product/69/aa/1b/1f0c8fbcf761a260fe06898eb9e0098f.jpg,199000,5.0,418.0,1,67329
95052893,Quần short nam big size quần sọt nam thể thao chống nóng quần đùi nam mặc nhà quần thun nam cotton 4 chiều co giãn cao cấp WSB2 ,"Có hình ảnh video dưới mô tảQuần short nam thể thao cho người tập gym hoặc mặc nhà , 2 bên túi có khóa dây kéo an toànĐường may chắc chắn, thiết kế body nhưng thun co giãn thoải mái khi mặc làm tôn l...",https://salt.tikicdn.com/cache/280x280/ts/product/49/be/09/22677d78c162b8f041b3ababf7b89547.jpg,89000,4.5,1449.0,1,67329
107801368,"Combo 2 quần đùi nam May 10 phiên bản có túi 2 bên, màu ngẫu nhiên"," Quần đùi MAY 10Quần May 10 , túi được may bằng vải quần , không phải vải lót mỏng như các hàng khác Mô tả: Cotton xịn, thấm hút mồ hôi tốt, mặc cực mát và thoải mái, may kỹ và đẹp Size quần đùi na...",https://salt.tikicdn.com/cache/280x280/ts/product/41/af/3c/adec72b687adf0693878a56fed6a44bd.jpg,145000,4.5,1177.0,1,67329
98675410,"Quần Short Nam Mặc Ngủ, Quần Thun Nam Mặc Nhà Brave Person B1164 - Form dáng trẻ trung, năng động, nam tính - Chất liệu thoáng mát, co dãn 4 chiều","""Thương hiệu quần nam, quần lót hàng đầu của phái mạnh""Giới thiệu về sản phẩm:Quần Short Nam Cao Cấp Brave B1164 thiết kế vô cùng đặc biệt, chất vải siêu mát mẻ, thoáng và thấm hút mồ hôi c...",https://salt.tikicdn.com/cache/280x280/ts/product/93/fd/be/87984f086c4d98ca14403df9e071bf2f.jpg,250000,5.0,65.0,1,67329
14614541,Quần short thun nam phối thân Phúc An 1009,DimentionsSizeLưng (cm)Mông (cm)Đáy (cm)Dài (cm)L761043451·        Số đo có sai số +/-2cm...,https://salt.tikicdn.com/cache/280x280/ts/product/74/27/7e/cd9ce97b61d8bdb1ad17a27679f6bd34.jpg,47000,5.0,32.0,1,67329
273395259,"Quần Đùi HUONGTAM  nam cao cấp(QDN). Chất liệu vải loại tốt: mềm mại, thoáng mát, không phai màu.","Mô tả sản phẩm:- Thương hiệu: HUONGTAM- Chất liệu vải: Nhẹ nhàng, thoáng mát, không phai màu.(17% cotton, 83% polyester).- Hoa tiết: Sọc dọc-Caro- Hoa văn- SKU: QDN- Model : Quần Đùi- Kiểu quần ...",https://salt.tikicdn.com/cache/280x280/ts/product/ca/de/5c/aa8920571f97af2cccc84dcb6dba2235.JPG,47600,5.0,31.0,1,67329
274960088,"Quần đùi nam huong tam cao cấp (QDNN6). Chất liệu vải loại tốt: mềm mại, thoáng mát, không phai màu.","Mô tả sản phẩm:- Thương hiệu: HUONGTAM- Chất liệu vải: Nhẹ nhàng, thoáng mát, không phai màu.(17% cotton, 83% polyester).- Hoa tiết: Sọc dọc-Caro- Hoa văn- SKU: QDNN6- Model : Quần Đùi- Kiểu quầ...",https://salt.tikicdn.com/cache/280x280/ts/product/6e/b4/33/a2e7d9f50b5e8573d6ed97db73bef7b0.JPG,47600,5.0,24.0,1,67329
174017097,Quần Short Jean nam Leman xanh rách JL06 - Skinny Form,"Review Quần Short Jean nam Leman xanh rách JL06 - Skinny Form Vì sao lựa chọn Quần Short Jean nam Leman xanh rách JL06 - Skinny Form - Chính sách Đổi và Trả Sản phẩm trong vòng 60 ngày, cho bất kỳ ...",https://salt.tikicdn.com/cache/280x280/ts/product/7b/32/fd/e71a9666d41347fe9ed7fdf7d918a81f.jpg,459000,5.0,22.0,1,67329
766420,Quần Thể Thao Túi Hộp Nam Phúc An 1012 - Xám," Quần Thể Thao Túi Hộp Nam Phúc An 1012 - Xám được may từ chất liệu vải thun cotton cao cấp, thoáng mát, không tạo cảm giác hầm bí khi mặc. Kiểu dáng ngang gối năng động, trẻ trung tạo cho bạn vẻ ng...",https://salt.tikicdn.com/cache/280x280/media/catalog/product/1/_/1.u5426.d20170803.t180013.375760_3.jpg,47000,5.0,19.0,1,67329
195305781,Combo 3 quần đùi mặc nhà - Giao màu ngẫu nhiên,"Thành phần60%Cotton 40%PolyesterFormCLASSICMô tả• Dây lưng nhung với độ đàn hồi tốt, mềm mại giúp bụng không hằn vết, tạo sự dễ chịu, thoải mái• Chất vải nhẹ không gây nặng nề khi mặc, giặt...",https://salt.tikicdn.com/cache/280x280/ts/product/87/7c/52/63bb3b1e95b7c1f00e5fcff806a3535f.jpg,285000,5.0,12.0,1,67329
